listing_id,property_id,listing_date,status
1,1,2024-05-30,sold
2,2,2023-12-12,available
3,3,2024-08-13,available
4,4,2023-12-25,sold
5,5,2024-09-22,available
6,6,2022-12-28,available
7,7,2022-09-06,available
8,8,2022-09-28,sold
9,9,2022-10-16,available
10,10,2024-06-29,sold
11,11,2023-05-20,available
12,12,2023-10-07,sold
13,13,2024-08-15,sold
14,14,2024-12-06,available
15,15,2024-11-28,available
16,16,2024-06-21,available
17,17,2025-06-07,sold
18,18,2022-08-31,sold
19,19,2023-02-27,sold
20,20,2024-09-15,available
21,21,2025-03-10,sold
22,22,2023-07-19,sold
23,23,2024-08-21,available
24,24,2022-12-16,sold
25,25,2023-10-01,available
26,26,2025-01-17,sold
27,27,2024-08-21,sold
28,28,2022-06-20,sold
29,29,2022-06-26,available
30,30,2024-04-03,available
31,31,2022-08-27,sold
32,32,2023-07-20,sold
33,33,2023-08-12,sold
34,34,2022-10-08,sold
35,35,2023-11-07,sold
36,36,2024-06-29,sold
37,37,2023-05-30,sold
38,38,2023-07-05,available
39,39,2024-06-07,available
40,40,2024-10-17,sold
41,41,2022-07-29,available
42,42,2023-12-14,sold
43,43,2023-01-17,available
44,44,2022-12-03,available
45,45,2023-10-28,available
46,46,2022-12-10,available
47,47,2023-05-18,available
48,48,2024-06-07,available
49,49,2024-12-11,available
50,50,2024-08-19,sold
51,51,2024-09-22,available
52,52,2023-04-11,sold
53,53,2024-01-04,sold
54,54,2022-11-30,available
55,55,2024-05-21,available
56,56,2024-12-09,sold
57,57,2024-11-27,sold
58,58,2024-05-12,sold
59,59,2024-12-22,available
60,60,2022-10-21,available
61,61,2024-04-11,available
62,62,2024-05-19,available
63,63,2024-03-02,sold
64,64,2024-10-09,sold
65,65,2024-02-23,sold
66,66,2023-05-28,available
67,67,2023-03-04,available
68,68,2022-10-12,sold
69,69,2025-02-03,sold
70,70,2023-09-04,available
71,71,2024-12-31,available
72,72,2023-12-20,available
73,73,2023-06-11,available
74,74,2023-11-15,available
75,75,2023-07-26,sold
76,76,2024-08-04,sold
77,77,2022-07-27,sold
78,78,2024-04-28,available
79,79,2022-12-25,sold
80,80,2022-10-18,available
81,81,2025-05-02,available
82,82,2023-03-08,sold
83,83,2024-03-18,sold
84,84,2025-05-12,sold
85,85,2024-11-15,sold
86,86,2023-02-03,available
87,87,2023-11-26,sold
88,88,2023-06-12,sold
89,89,2024-06-18,sold
90,90,2024-12-11,sold
91,91,2024-12-30,available
92,92,2023-06-07,sold
93,93,2025-02-13,sold
94,94,2024-09-15,available
95,95,2024-08-21,available
96,96,2022-10-26,available
97,97,2024-02-12,sold
98,98,2024-12-02,available
99,99,2024-03-27,sold
100,100,2023-10-04,sold
101,101,2023-09-06,sold
102,102,2023-02-04,available
103,103,2024-12-22,available
104,104,2024-02-12,sold
105,105,2022-08-03,sold
106,106,2024-02-29,sold
107,107,2023-12-27,available
108,108,2022-11-08,sold
109,109,2023-12-09,sold
110,110,2023-11-05,sold
111,111,2023-05-17,sold
112,112,2022-12-26,sold
113,113,2023-08-11,sold
114,114,2025-01-18,available
115,115,2024-01-29,available
116,116,2023-04-01,sold
117,117,2022-09-25,available
118,118,2022-10-26,sold
119,119,2024-10-03,available
120,120,2023-07-06,available
121,121,2023-09-25,sold
122,122,2024-01-16,sold
123,123,2024-07-15,sold
124,124,2022-08-10,sold
125,125,2023-12-23,available
126,126,2022-10-13,available
127,127,2022-10-31,sold
128,128,2022-12-08,sold
129,129,2023-02-16,sold
130,130,2022-11-29,sold
131,131,2024-11-01,available
132,132,2025-05-20,available
133,133,2022-08-04,sold
134,134,2022-07-30,sold
135,135,2024-11-28,available
136,136,2023-01-08,sold
137,137,2024-08-17,sold
138,138,2023-05-28,available
139,139,2024-11-30,sold
140,140,2023-06-08,sold
141,141,2023-10-21,available
142,142,2024-01-18,available
143,143,2022-12-10,sold
144,144,2024-10-12,available
145,145,2022-07-02,sold
146,146,2022-12-09,available
147,147,2023-01-28,available
148,148,2022-09-03,available
149,149,2022-07-21,available
150,150,2024-05-08,sold
151,151,2024-08-05,sold
152,152,2025-01-10,sold
153,153,2023-07-12,available
154,154,2022-08-06,sold
155,155,2023-09-11,available
156,156,2024-02-08,sold
157,157,2022-11-14,available
158,158,2024-08-31,sold
159,159,2022-07-08,sold
160,160,2023-08-19,sold
161,161,2024-05-27,sold
162,162,2023-02-25,available
163,163,2022-08-23,available
164,164,2024-02-18,available
165,165,2024-06-03,available
166,166,2023-08-05,sold
167,167,2024-08-11,sold
168,168,2025-03-25,available
169,169,2023-07-21,available
170,170,2025-05-28,sold
171,171,2023-12-17,available
172,172,2022-09-28,available
173,173,2023-04-16,available
174,174,2022-09-21,available
175,175,2023-08-10,sold
176,176,2024-01-14,sold
177,177,2024-01-23,sold
178,178,2023-08-08,sold
179,179,2024-05-08,sold
180,180,2023-11-07,sold
181,181,2024-01-26,available
182,182,2023-11-01,sold
183,183,2024-07-29,available
184,184,2024-10-01,available
185,185,2023-05-13,sold
186,186,2025-05-26,sold
187,187,2025-01-06,sold
188,188,2024-06-05,sold
189,189,2024-04-12,sold
190,190,2024-07-22,sold
191,191,2022-10-21,sold
192,192,2024-02-29,available
193,193,2024-03-14,available
194,194,2024-02-14,sold
195,195,2023-05-19,available
196,196,2025-05-13,available
197,197,2024-04-28,available
198,198,2022-10-25,available
199,199,2025-03-28,sold
200,200,2023-04-06,available
201,201,2023-06-27,available
202,202,2023-10-30,sold
203,203,2025-04-21,sold
204,204,2023-11-08,sold
205,205,2025-01-10,sold
206,206,2023-08-22,available
207,207,2024-11-25,available
208,208,2024-12-07,available
209,209,2024-04-27,sold
210,210,2024-07-30,available
211,211,2024-07-04,sold
212,212,2023-12-18,available
213,213,2023-12-29,available
214,214,2025-04-17,available
215,215,2025-05-05,sold
216,216,2024-02-05,available
217,217,2022-11-04,sold
218,218,2023-08-03,sold
219,219,2023-12-04,available
220,220,2022-07-17,available
221,221,2024-10-26,available
222,222,2022-06-25,sold
223,223,2023-08-26,sold
224,224,2024-05-21,available
225,225,2023-11-30,available
226,226,2022-09-26,available
227,227,2025-05-02,sold
228,228,2024-10-25,sold
229,229,2023-08-16,available
230,230,2023-07-30,available
231,231,2024-05-28,available
232,232,2022-10-28,available
233,233,2023-12-22,available
234,234,2024-02-02,available
235,235,2023-02-11,sold
236,236,2025-05-09,sold
237,237,2024-01-20,sold
238,238,2023-12-07,available
239,239,2024-06-09,available
240,240,2025-01-11,sold
241,241,2022-11-23,available
242,242,2024-03-19,sold
243,243,2022-10-04,available
244,244,2024-01-03,sold
245,245,2022-08-11,available
246,246,2024-02-29,available
247,247,2025-02-12,sold
248,248,2024-11-14,sold
249,249,2023-03-22,available
250,250,2024-05-10,sold
251,251,2022-08-08,sold
252,252,2023-02-06,available
253,253,2025-02-12,available
254,254,2023-05-08,available
255,255,2023-02-14,sold
256,256,2022-07-03,sold
257,257,2024-03-22,available
258,258,2022-09-19,sold
259,259,2024-06-29,sold
260,260,2022-08-05,available
261,261,2023-07-05,sold
262,262,2023-06-04,available
263,263,2024-08-25,available
264,264,2022-08-24,sold
265,265,2023-07-27,available
266,266,2022-06-27,available
267,267,2023-08-27,available
268,268,2023-11-06,sold
269,269,2025-06-09,available
270,270,2023-03-11,sold
271,271,2024-12-04,available
272,272,2024-12-25,sold
273,273,2023-11-26,available
274,274,2025-03-23,available
275,275,2023-01-06,available
276,276,2025-01-22,available
277,277,2024-08-11,available
278,278,2022-11-22,available
279,279,2023-11-12,available
280,280,2023-01-10,sold
281,281,2024-01-16,sold
282,282,2024-08-30,available
283,283,2024-04-19,available
284,284,2024-09-26,available
285,285,2023-03-23,sold
286,286,2023-09-11,available
287,287,2025-04-18,available
288,288,2024-01-31,available
289,289,2023-10-27,sold
290,290,2022-11-23,available
291,291,2023-07-08,sold
292,292,2023-11-23,sold
293,293,2022-09-03,sold
294,294,2025-04-23,sold
295,295,2022-07-08,sold
296,296,2024-05-10,available
297,297,2024-01-12,sold
298,298,2023-03-06,sold
299,299,2024-01-07,available
300,300,2022-08-14,sold
301,301,2022-07-04,sold
302,302,2025-05-09,available
303,303,2023-06-05,available
304,304,2023-02-13,available
305,305,2024-03-23,sold
306,306,2024-11-16,available
307,307,2023-08-08,available
308,308,2022-12-02,available
309,309,2023-02-20,available
310,310,2023-09-22,sold
311,311,2024-12-27,sold
312,312,2023-10-16,available
313,313,2024-01-09,sold
314,314,2023-12-13,sold
315,315,2023-04-22,sold
316,316,2023-05-26,available
317,317,2023-01-23,available
318,318,2024-04-11,available
319,319,2024-11-29,available
320,320,2024-11-26,sold
321,321,2025-02-15,available
322,322,2025-02-03,available
323,323,2024-04-08,available
324,324,2024-08-25,available
325,325,2025-01-28,available
326,326,2023-06-10,available
327,327,2022-10-12,available
328,328,2024-04-04,available
329,329,2023-04-10,available
330,330,2024-05-01,available
331,331,2022-10-21,sold
332,332,2023-08-13,sold
333,333,2023-08-08,sold
334,334,2023-07-30,available
335,335,2023-08-17,available
336,336,2025-01-27,sold
337,337,2023-04-12,available
338,338,2022-10-30,available
339,339,2023-10-31,available
340,340,2024-02-25,sold
341,341,2022-12-24,sold
342,342,2024-02-09,sold
343,343,2024-01-01,available
344,344,2024-06-19,available
345,345,2024-06-07,sold
346,346,2024-02-02,available
347,347,2025-06-10,sold
348,348,2023-08-14,available
349,349,2022-07-05,sold
350,350,2024-06-21,sold
351,351,2024-01-31,available
352,352,2024-08-31,sold
353,353,2023-03-25,available
354,354,2023-04-01,available
355,355,2025-01-15,available
356,356,2022-09-06,available
357,357,2023-02-21,available
358,358,2024-05-29,available
359,359,2024-01-27,sold
360,360,2023-04-03,available
361,361,2022-08-03,available
362,362,2024-03-11,sold
363,363,2023-09-24,sold
364,364,2022-10-25,available
365,365,2022-08-16,available
366,366,2022-07-14,sold
367,367,2024-08-11,sold
368,368,2024-03-02,sold
369,369,2024-09-17,available
370,370,2023-12-12,available
371,371,2023-08-17,sold
372,372,2022-12-05,available
373,373,2022-06-16,sold
374,374,2023-05-21,available
375,375,2024-10-15,available
376,376,2025-01-05,sold
377,377,2023-06-17,sold
378,378,2024-10-10,sold
379,379,2022-10-09,sold
380,380,2024-02-23,sold
381,381,2023-04-06,sold
382,382,2024-05-07,available
383,383,2023-05-19,sold
384,384,2024-12-29,available
385,385,2023-12-21,sold
386,386,2024-05-11,available
387,387,2023-05-13,sold
388,388,2023-08-02,available
389,389,2025-01-03,sold
390,390,2025-01-08,sold
391,391,2025-03-26,sold
392,392,2023-08-01,sold
393,393,2022-09-11,sold
394,394,2024-12-06,available
395,395,2023-05-01,sold
396,396,2022-09-01,available
397,397,2023-08-14,sold
398,398,2022-08-21,sold
399,399,2023-04-14,available
400,400,2024-03-03,sold
401,401,2024-04-11,available
402,402,2023-01-31,sold
403,403,2022-06-26,available
404,404,2024-09-30,available
405,405,2024-05-15,sold
406,406,2023-11-24,sold
407,407,2024-06-04,sold
408,408,2024-03-22,sold
409,409,2022-11-22,sold
410,410,2025-06-04,available
411,411,2024-01-05,sold
412,412,2023-07-16,available
413,413,2023-05-13,sold
414,414,2023-09-02,sold
415,415,2023-05-02,sold
416,416,2023-11-27,sold
417,417,2023-06-25,available
418,418,2025-06-13,sold
419,419,2025-01-19,available
420,420,2023-09-23,available
421,421,2023-09-01,available
422,422,2023-05-01,sold
423,423,2023-06-10,sold
424,424,2022-07-26,sold
425,425,2023-05-05,available
426,426,2024-09-27,sold
427,427,2022-12-19,available
428,428,2022-07-08,sold
429,429,2023-06-22,sold
430,430,2023-07-03,sold
431,431,2024-03-13,sold
432,432,2024-01-22,available
433,433,2024-06-15,available
434,434,2023-03-26,sold
435,435,2022-10-10,available
436,436,2024-11-26,sold
437,437,2024-01-13,sold
438,438,2022-08-16,available
439,439,2023-06-09,available
440,440,2024-03-02,sold
441,441,2023-05-26,sold
442,442,2023-06-10,available
443,443,2023-11-26,sold
444,444,2022-06-18,sold
445,445,2023-10-27,available
446,446,2024-07-08,available
447,447,2022-10-28,sold
448,448,2024-06-07,available
449,449,2023-10-04,sold
450,450,2024-12-27,sold
451,451,2024-09-05,sold
452,452,2024-08-24,sold
453,453,2022-08-31,available
454,454,2022-06-24,available
455,455,2025-03-20,sold
456,456,2024-10-09,sold
457,457,2022-11-23,sold
458,458,2023-11-09,available
459,459,2024-10-24,sold
460,460,2022-07-20,sold
461,461,2022-07-13,sold
462,462,2023-05-27,available
463,463,2023-11-17,available
464,464,2024-04-26,available
465,465,2023-02-18,sold
466,466,2025-02-13,sold
467,467,2025-05-05,available
468,468,2024-10-14,available
469,469,2023-09-05,available
470,470,2023-06-25,available
471,471,2023-08-11,sold
472,472,2023-09-12,available
473,473,2025-04-12,sold
474,474,2024-06-25,available
475,475,2023-03-16,available
476,476,2023-11-06,sold
477,477,2024-11-12,available
478,478,2024-12-02,sold
479,479,2023-09-20,sold
480,480,2024-12-16,available
481,481,2023-10-29,available
482,482,2023-04-30,sold
483,483,2024-04-25,sold
484,484,2024-07-02,sold
485,485,2023-05-15,available
486,486,2025-05-13,sold
487,487,2023-09-05,available
488,488,2023-04-17,available
489,489,2024-11-06,sold
490,490,2022-12-02,available
491,491,2023-07-15,sold
492,492,2023-10-19,available
493,493,2023-01-15,available
494,494,2023-05-04,sold
495,495,2025-03-13,available
496,496,2022-09-10,sold
497,497,2023-12-31,available
498,498,2024-04-11,available
499,499,2023-04-08,available
500,500,2023-02-21,available
501,501,2023-02-13,sold
502,502,2023-09-18,sold
503,503,2023-07-23,sold
504,504,2025-04-14,available
505,505,2024-10-28,sold
506,506,2025-01-25,available
507,507,2023-03-16,sold
508,508,2025-06-04,available
509,509,2025-03-10,available
510,510,2024-09-26,available
511,511,2024-04-18,available
512,512,2023-02-18,available
513,513,2025-01-22,available
514,514,2022-12-22,available
515,515,2022-11-24,available
516,516,2024-08-10,sold
517,517,2023-10-16,sold
518,518,2025-01-15,available
519,519,2022-12-10,available
520,520,2025-01-01,sold
521,521,2024-06-22,available
522,522,2025-01-19,sold
523,523,2025-01-09,available
524,524,2024-08-23,sold
525,525,2025-01-29,available
526,526,2024-01-25,sold
527,527,2023-10-29,available
528,528,2024-11-16,sold
529,529,2024-02-22,sold
530,530,2023-01-30,available
531,531,2024-05-01,sold
532,532,2022-11-08,available
533,533,2025-06-12,available
534,534,2025-03-09,available
535,535,2025-02-16,available
536,536,2022-12-23,sold
537,537,2024-10-18,available
538,538,2024-06-17,available
539,539,2023-05-31,available
540,540,2025-03-26,available
541,541,2023-12-26,sold
542,542,2023-05-24,available
543,543,2024-09-29,available
544,544,2023-12-23,available
545,545,2024-08-18,available
546,546,2024-07-22,sold
547,547,2023-11-19,available
548,548,2024-06-17,sold
549,549,2023-04-23,available
550,550,2025-04-11,sold
551,551,2022-11-18,sold
552,552,2022-11-11,sold
553,553,2022-11-09,sold
554,554,2024-03-10,available
555,555,2025-05-06,sold
556,556,2024-01-16,sold
557,557,2024-01-10,sold
558,558,2023-08-03,sold
559,559,2023-09-28,sold
560,560,2024-10-02,sold
561,561,2023-06-29,available
562,562,2025-03-27,sold
563,563,2023-01-04,available
564,564,2023-12-01,sold
565,565,2024-06-21,available
566,566,2024-03-26,available
567,567,2023-03-11,sold
568,568,2023-12-27,available
569,569,2025-02-19,sold
570,570,2023-12-12,sold
571,571,2023-07-30,sold
572,572,2022-08-04,available
573,573,2022-08-10,available
574,574,2023-09-25,sold
575,575,2023-01-20,available
576,576,2024-09-30,sold
577,577,2024-12-01,available
578,578,2025-02-15,available
579,579,2023-05-01,sold
580,580,2023-05-31,available
581,581,2022-12-25,available
582,582,2023-10-02,sold
583,583,2023-03-26,available
584,584,2023-11-23,available
585,585,2025-05-31,sold
586,586,2025-04-21,sold
587,587,2023-06-03,sold
588,588,2022-10-15,available
589,589,2023-10-07,available
590,590,2023-03-01,sold
591,591,2024-03-10,available
592,592,2023-01-22,available
593,593,2023-11-06,sold
594,594,2022-09-23,sold
595,595,2025-01-17,sold
596,596,2023-02-15,sold
597,597,2022-11-27,sold
598,598,2024-05-22,sold
599,599,2024-03-05,sold
600,600,2024-02-13,available
601,601,2025-06-12,available
602,602,2024-02-24,sold
603,603,2024-03-21,sold
604,604,2022-10-19,sold
605,605,2023-07-20,sold
606,606,2024-05-28,available
607,607,2022-10-29,available
608,608,2024-12-10,available
609,609,2025-03-07,sold
610,610,2023-04-20,sold
611,611,2023-01-20,available
612,612,2025-03-10,available
613,613,2022-10-22,available
614,614,2022-08-15,sold
615,615,2022-12-10,sold
616,616,2023-11-29,available
617,617,2024-09-16,available
618,618,2023-07-09,sold
619,619,2025-01-26,available
620,620,2025-05-22,sold
621,621,2022-08-21,available
622,622,2024-07-28,available
623,623,2023-03-15,available
624,624,2022-08-29,sold
625,625,2025-04-21,sold
626,626,2024-11-03,available
627,627,2024-11-28,sold
628,628,2022-07-13,sold
629,629,2024-11-30,available
630,630,2023-02-18,available
631,631,2024-11-08,available
632,632,2023-03-23,available
633,633,2022-10-01,sold
634,634,2023-02-09,available
635,635,2024-01-14,sold
636,636,2024-01-11,sold
637,637,2023-07-16,sold
638,638,2024-08-04,available
639,639,2025-04-07,sold
640,640,2023-04-24,sold
641,641,2022-09-06,sold
642,642,2024-07-06,sold
643,643,2023-06-03,sold
644,644,2022-10-20,sold
645,645,2024-02-14,available
646,646,2023-11-01,available
647,647,2023-10-24,available
648,648,2022-11-12,sold
649,649,2023-06-13,available
650,650,2024-07-24,available
651,651,2024-12-03,sold
652,652,2025-04-28,available
653,653,2025-03-06,available
654,654,2024-01-20,available
655,655,2023-01-20,sold
656,656,2023-01-27,sold
657,657,2023-04-19,available
658,658,2023-05-07,sold
659,659,2023-03-21,sold
660,660,2023-08-07,available
661,661,2024-05-09,available
662,662,2024-03-28,available
663,663,2024-06-20,available
664,664,2023-02-12,available
665,665,2024-02-24,sold
666,666,2023-12-14,available
667,667,2024-07-12,sold
668,668,2023-12-03,sold
669,669,2023-08-12,sold
670,670,2025-05-06,sold
671,671,2024-01-14,sold
672,672,2023-06-23,sold
673,673,2024-01-07,available
674,674,2025-04-14,available
675,675,2022-06-25,sold
676,676,2023-10-27,sold
677,677,2024-08-22,available
678,678,2024-12-22,available
679,679,2024-10-23,available
680,680,2024-11-10,sold
681,681,2022-11-19,available
682,682,2022-11-23,sold
683,683,2024-04-23,sold
684,684,2025-04-23,available
685,685,2022-08-10,sold
686,686,2023-06-07,sold
687,687,2023-03-23,available
688,688,2024-12-20,available
689,689,2025-01-05,sold
690,690,2025-05-14,sold
691,691,2022-12-19,available
692,692,2022-08-05,available
693,693,2023-07-21,available
694,694,2023-12-07,available
695,695,2024-10-23,available
696,696,2025-03-04,available
697,697,2023-10-21,available
698,698,2023-07-26,available
699,699,2022-07-15,sold
700,700,2025-01-30,sold
701,701,2023-09-21,available
702,702,2023-08-07,sold
703,703,2024-02-11,available
704,704,2023-02-28,sold
705,705,2024-03-18,sold
706,706,2024-08-15,available
707,707,2025-02-23,available
708,708,2023-07-07,sold
709,709,2023-11-07,available
710,710,2022-12-27,sold
711,711,2023-06-07,sold
712,712,2023-03-28,sold
713,713,2024-12-25,sold
714,714,2025-05-15,sold
715,715,2025-01-11,sold
716,716,2024-11-27,sold
717,717,2024-11-02,available
718,718,2024-03-13,sold
719,719,2025-06-09,available
720,720,2023-12-30,available
721,721,2022-11-29,sold
722,722,2023-09-19,sold
723,723,2023-05-03,sold
724,724,2025-04-27,sold
725,725,2023-03-13,sold
726,726,2025-01-16,available
727,727,2024-03-11,available
728,728,2024-10-16,sold
729,729,2024-05-09,sold
730,730,2024-02-15,available
731,731,2022-07-05,available
732,732,2024-10-08,available
733,733,2024-07-16,available
734,734,2023-04-24,available
735,735,2022-07-21,available
736,736,2024-12-03,available
737,737,2025-01-31,available
738,738,2025-04-07,sold
739,739,2024-03-21,available
740,740,2022-12-22,sold
741,741,2024-02-01,sold
742,742,2024-12-26,sold
743,743,2024-10-14,available
744,744,2023-12-16,sold
745,745,2024-08-26,sold
746,746,2024-02-11,available
747,747,2025-06-14,available
748,748,2025-01-30,available
749,749,2024-10-02,available
750,750,2024-02-25,sold
751,751,2024-03-13,sold
752,752,2025-01-31,sold
753,753,2023-08-07,available
754,754,2024-01-08,available
755,755,2022-12-22,sold
756,756,2022-12-31,sold
757,757,2024-02-07,sold
758,758,2024-06-25,available
759,759,2025-06-03,sold
760,760,2023-02-18,sold
761,761,2023-05-06,available
762,762,2024-06-14,available
763,763,2023-11-30,available
764,764,2023-12-18,available
765,765,2023-06-28,sold
766,766,2024-09-10,sold
767,767,2024-09-30,available
768,768,2023-02-09,sold
769,769,2023-09-27,sold
770,770,2025-02-28,available
771,771,2022-08-22,available
772,772,2022-09-24,sold
773,773,2025-02-10,sold
774,774,2024-02-19,sold
775,775,2025-05-24,available
776,776,2025-05-01,available
777,777,2023-11-29,sold
778,778,2023-02-26,available
779,779,2024-03-02,available
780,780,2025-02-17,available
781,781,2025-01-24,sold
782,782,2024-01-11,available
783,783,2025-04-25,sold
784,784,2023-09-20,available
785,785,2023-12-21,sold
786,786,2024-01-24,available
787,787,2023-06-02,sold
788,788,2025-03-23,available
789,789,2023-02-16,sold
790,790,2023-07-29,sold
791,791,2025-03-27,available
792,792,2024-04-18,available
793,793,2024-07-06,sold
794,794,2024-03-05,sold
795,795,2022-12-20,sold
796,796,2025-03-06,sold
797,797,2022-11-11,sold
798,798,2024-05-03,sold
799,799,2023-01-27,available
800,800,2022-12-28,available
801,801,2024-12-31,available
802,802,2023-06-26,sold
803,803,2025-06-05,available
804,804,2024-02-07,available
805,805,2025-01-09,available
806,806,2023-07-13,sold
807,807,2023-12-11,available
808,808,2025-03-26,sold
809,809,2025-05-26,sold
810,810,2024-02-10,sold
811,811,2022-07-29,available
812,812,2023-04-30,sold
813,813,2024-01-22,sold
814,814,2023-09-21,sold
815,815,2024-10-06,sold
816,816,2024-04-04,sold
817,817,2022-12-19,sold
818,818,2024-05-06,sold
819,819,2024-11-05,sold
820,820,2025-03-12,available
821,821,2025-06-10,sold
822,822,2023-01-23,sold
823,823,2022-11-26,available
824,824,2024-05-13,available
825,825,2023-01-21,sold
826,826,2022-09-20,available
827,827,2022-11-15,sold
828,828,2025-01-04,sold
829,829,2023-11-16,available
830,830,2024-04-22,sold
831,831,2025-02-19,available
832,832,2023-01-05,available
833,833,2022-08-30,sold
834,834,2022-07-03,available
835,835,2023-01-02,sold
836,836,2024-10-28,sold
837,837,2022-12-29,available
838,838,2023-02-10,available
839,839,2023-04-27,available
840,840,2024-07-30,available
841,841,2023-07-03,sold
842,842,2023-11-24,sold
843,843,2023-10-03,available
844,844,2024-09-07,sold
845,845,2023-12-15,available
846,846,2023-07-01,available
847,847,2024-04-27,available
848,848,2025-02-11,available
849,849,2023-02-04,available
850,850,2023-02-10,available
851,851,2022-10-26,available
852,852,2025-05-27,sold
853,853,2025-02-17,sold
854,854,2025-02-11,available
855,855,2023-07-30,sold
856,856,2022-06-27,sold
857,857,2023-07-24,available
858,858,2024-03-26,available
859,859,2024-10-20,sold
860,860,2025-01-01,sold
861,861,2023-08-28,sold
862,862,2023-02-18,available
863,863,2023-12-19,available
864,864,2024-07-19,sold
865,865,2024-05-19,available
866,866,2023-03-17,available
867,867,2023-12-24,available
868,868,2024-03-03,sold
869,869,2023-03-08,available
870,870,2024-07-10,sold
871,871,2024-06-04,sold
872,872,2022-11-14,sold
873,873,2024-09-05,available
874,874,2024-01-14,sold
875,875,2023-10-12,available
876,876,2023-09-27,sold
877,877,2023-08-06,sold
878,878,2023-11-07,available
879,879,2023-12-05,available
880,880,2023-03-21,sold
881,881,2023-09-01,sold
882,882,2023-08-22,sold
883,883,2022-10-04,sold
884,884,2025-04-27,available
885,885,2025-03-09,sold
886,886,2023-11-12,sold
887,887,2023-08-03,available
888,888,2025-01-10,available
889,889,2023-01-30,sold
890,890,2023-07-11,available
891,891,2023-10-14,available
892,892,2022-09-15,available
893,893,2025-02-13,available
894,894,2024-09-24,sold
895,895,2024-08-20,available
896,896,2025-01-31,sold
897,897,2022-12-04,sold
898,898,2025-04-07,available
899,899,2024-04-09,available
900,900,2024-02-17,available
901,901,2024-12-11,sold
902,902,2023-11-26,sold
903,903,2023-10-26,sold
904,904,2024-10-16,available
905,905,2023-05-13,sold
906,906,2023-10-27,sold
907,907,2025-03-06,sold
908,908,2023-12-21,available
909,909,2024-06-30,sold
910,910,2023-12-29,sold
911,911,2025-04-03,sold
912,912,2025-02-09,available
913,913,2024-12-04,available
914,914,2024-01-01,sold
915,915,2024-07-08,sold
916,916,2025-02-27,available
917,917,2023-06-05,available
918,918,2024-04-23,available
919,919,2023-09-19,sold
920,920,2024-11-19,sold
921,921,2022-11-29,available
922,922,2024-08-29,sold
923,923,2023-09-22,sold
924,924,2024-01-15,available
925,925,2023-08-08,available
926,926,2022-10-29,sold
927,927,2025-03-09,available
928,928,2024-02-04,sold
929,929,2025-02-01,sold
930,930,2023-11-17,sold
931,931,2024-08-21,sold
932,932,2024-11-27,available
933,933,2022-07-22,available
934,934,2025-03-07,sold
935,935,2023-05-11,sold
936,936,2023-12-11,available
937,937,2024-06-19,sold
938,938,2023-09-10,sold
939,939,2025-05-07,sold
940,940,2025-01-21,sold
941,941,2023-07-31,available
942,942,2025-02-25,available
943,943,2022-11-29,sold
944,944,2023-11-13,sold
945,945,2022-06-15,sold
946,946,2022-09-11,sold
947,947,2024-07-14,available
948,948,2022-08-29,available
949,949,2025-02-26,sold
950,950,2022-07-23,available
951,951,2022-07-28,available
952,952,2023-08-09,sold
953,953,2022-10-10,sold
954,954,2023-10-18,sold
955,955,2022-07-01,sold
956,956,2023-11-11,sold
957,957,2025-04-27,sold
958,958,2023-06-21,sold
959,959,2023-08-13,sold
960,960,2025-02-04,sold
961,961,2023-11-09,sold
962,962,2024-09-13,sold
963,963,2024-09-25,sold
964,964,2022-07-30,sold
965,965,2023-11-04,sold
966,966,2023-06-10,available
967,967,2023-07-25,sold
968,968,2024-04-03,sold
969,969,2023-10-01,available
970,970,2023-02-01,sold
971,971,2023-04-06,sold
972,972,2024-04-27,sold
973,973,2022-09-02,sold
974,974,2023-01-23,available
975,975,2024-12-18,available
976,976,2022-07-15,sold
977,977,2022-06-20,available
978,978,2024-09-21,sold
979,979,2023-07-15,available
980,980,2025-01-12,sold
981,981,2023-08-13,sold
982,982,2024-02-02,available
983,983,2024-09-16,available
984,984,2024-03-20,sold
985,985,2023-08-07,sold
986,986,2023-05-02,sold
987,987,2023-02-22,available
988,988,2022-11-20,sold
989,989,2024-01-02,sold
990,990,2023-10-11,available
991,991,2023-10-02,available
992,992,2023-09-16,sold
993,993,2024-08-12,sold
994,994,2024-03-03,sold
995,995,2023-10-12,available
996,996,2024-09-05,sold
997,997,2024-09-01,available
998,998,2023-01-24,sold
999,999,2023-09-02,available
1000,1000,2023-12-10,available
1001,1001,2025-01-18,available
1002,1002,2024-05-05,sold
1003,1003,2025-03-28,sold
1004,1004,2023-06-06,available
1005,1005,2024-06-03,available
1006,1006,2024-09-30,available
1007,1007,2024-01-25,available
1008,1008,2023-08-19,sold
1009,1009,2025-02-03,sold
1010,1010,2024-03-10,sold
1011,1011,2023-06-06,available
1012,1012,2023-10-01,sold
1013,1013,2024-03-08,available
1014,1014,2023-10-16,sold
1015,1015,2023-03-30,available
1016,1016,2023-10-26,sold
1017,1017,2022-12-13,available
1018,1018,2022-12-26,available
1019,1019,2024-06-08,sold
1020,1020,2024-09-14,available
1021,1021,2022-09-13,sold
1022,1022,2025-04-19,available
1023,1023,2023-01-06,sold
1024,1024,2024-10-06,available
1025,1025,2023-06-19,available
1026,1026,2024-11-02,sold
1027,1027,2023-04-17,available
1028,1028,2023-11-27,sold
1029,1029,2025-03-04,available
1030,1030,2022-10-08,available
1031,1031,2022-08-20,available
1032,1032,2023-11-21,sold
1033,1033,2023-07-10,sold
1034,1034,2022-11-27,available
1035,1035,2023-05-21,sold
1036,1036,2025-03-03,sold
1037,1037,2022-08-13,available
1038,1038,2023-03-31,available
1039,1039,2024-08-18,sold
1040,1040,2022-08-05,sold
1041,1041,2022-08-15,sold
1042,1042,2024-09-05,sold
1043,1043,2022-10-09,sold
1044,1044,2024-10-07,sold
1045,1045,2025-03-27,sold
1046,1046,2023-11-06,sold
1047,1047,2023-10-30,available
1048,1048,2023-01-03,available
1049,1049,2024-09-14,available
1050,1050,2024-08-11,available
1051,1051,2022-11-15,sold
1052,1052,2024-01-14,available
1053,1053,2023-11-20,sold
1054,1054,2023-10-26,sold
1055,1055,2024-09-03,available
1056,1056,2024-04-26,sold
1057,1057,2025-04-21,available
1058,1058,2023-06-05,available
1059,1059,2022-06-23,sold
1060,1060,2023-11-03,available
1061,1061,2025-03-26,available
1062,1062,2023-07-27,available
1063,1063,2022-10-26,available
1064,1064,2024-04-15,available
1065,1065,2023-10-14,sold
1066,1066,2023-09-19,sold
1067,1067,2023-11-17,available
1068,1068,2023-01-03,sold
1069,1069,2022-12-28,available
1070,1070,2023-02-15,sold
1071,1071,2024-03-31,available
1072,1072,2025-02-05,sold
1073,1073,2022-07-17,sold
1074,1074,2024-07-16,sold
1075,1075,2023-10-15,sold
1076,1076,2023-03-13,sold
1077,1077,2024-03-15,sold
1078,1078,2024-09-10,available
1079,1079,2023-08-25,available
1080,1080,2022-11-23,available
1081,1081,2025-03-09,available
1082,1082,2024-09-30,sold
1083,1083,2023-12-18,available
1084,1084,2024-04-16,sold
1085,1085,2022-10-10,sold
1086,1086,2024-02-19,available
1087,1087,2022-07-12,sold
1088,1088,2023-11-06,sold
1089,1089,2025-04-01,sold
1090,1090,2022-07-13,sold
1091,1091,2024-02-28,sold
1092,1092,2023-11-17,available
1093,1093,2024-09-23,sold
1094,1094,2022-10-01,available
1095,1095,2024-04-13,sold
1096,1096,2023-12-13,available
1097,1097,2023-08-19,sold
1098,1098,2023-08-27,available
1099,1099,2024-01-14,available
1100,1100,2023-01-11,sold
1101,1101,2024-09-17,available
1102,1102,2023-01-07,sold
1103,1103,2022-08-05,sold
1104,1104,2024-12-17,sold
1105,1105,2024-11-23,sold
1106,1106,2025-04-22,sold
1107,1107,2024-01-20,available
1108,1108,2023-10-23,sold
1109,1109,2025-04-22,available
1110,1110,2024-07-30,available
1111,1111,2024-07-19,available
1112,1112,2024-01-13,available
1113,1113,2024-11-19,available
1114,1114,2025-01-23,sold
1115,1115,2024-09-16,available
1116,1116,2024-03-07,available
1117,1117,2022-09-21,available
1118,1118,2025-01-06,available
1119,1119,2023-04-24,available
1120,1120,2024-03-12,sold
1121,1121,2024-08-24,sold
1122,1122,2023-02-09,sold
1123,1123,2023-08-16,sold
1124,1124,2023-03-17,sold
1125,1125,2024-07-22,available
1126,1126,2024-10-25,available
1127,1127,2025-03-12,available
1128,1128,2025-04-02,sold
1129,1129,2024-12-15,sold
1130,1130,2023-04-21,sold
1131,1131,2022-09-16,available
1132,1132,2023-05-09,sold
1133,1133,2024-05-26,available
1134,1134,2024-07-19,sold
1135,1135,2024-09-01,available
1136,1136,2025-03-12,available
1137,1137,2025-02-07,sold
1138,1138,2024-04-17,sold
1139,1139,2022-08-28,available
1140,1140,2025-06-11,available
1141,1141,2023-12-19,sold
1142,1142,2023-11-15,sold
1143,1143,2024-05-07,available
1144,1144,2023-11-16,sold
1145,1145,2024-07-30,available
1146,1146,2025-04-26,sold
1147,1147,2022-12-21,available
1148,1148,2022-09-14,sold
1149,1149,2025-01-29,sold
1150,1150,2024-02-10,sold
1151,1151,2023-04-08,available
1152,1152,2024-05-29,available
1153,1153,2023-04-30,available
1154,1154,2025-01-26,sold
1155,1155,2024-09-02,sold
1156,1156,2024-09-26,sold
1157,1157,2023-04-19,available
1158,1158,2024-12-09,sold
1159,1159,2025-02-10,sold
1160,1160,2023-09-22,sold
1161,1161,2024-09-09,available
1162,1162,2023-02-16,sold
1163,1163,2023-08-25,sold
1164,1164,2023-09-14,available
1165,1165,2023-12-20,sold
1166,1166,2024-03-23,available
1167,1167,2024-05-18,available
1168,1168,2024-06-25,available
1169,1169,2023-03-24,available
1170,1170,2025-04-05,available
1171,1171,2023-12-27,sold
1172,1172,2024-01-19,available
1173,1173,2024-04-13,sold
1174,1174,2024-01-27,sold
1175,1175,2024-10-06,available
1176,1176,2025-04-30,available
1177,1177,2023-10-20,sold
1178,1178,2023-07-19,sold
1179,1179,2024-03-28,sold
1180,1180,2025-01-02,sold
1181,1181,2025-04-08,sold
1182,1182,2025-04-02,sold
1183,1183,2023-05-18,available
1184,1184,2025-04-28,sold
1185,1185,2022-12-03,available
1186,1186,2023-05-22,available
1187,1187,2024-06-25,available
1188,1188,2022-09-19,available
1189,1189,2023-11-07,available
1190,1190,2023-11-22,sold
1191,1191,2023-02-16,sold
1192,1192,2024-05-05,sold
1193,1193,2025-03-06,available
1194,1194,2025-05-21,sold
1195,1195,2024-11-15,available
1196,1196,2024-07-25,sold
1197,1197,2024-03-03,available
1198,1198,2023-06-29,available
1199,1199,2024-09-22,sold
1200,1200,2024-08-16,available
1201,1201,2025-05-09,available
1202,1202,2022-07-13,available
1203,1203,2022-07-02,available
1204,1204,2022-12-03,sold
1205,1205,2022-12-31,sold
1206,1206,2022-07-23,available
1207,1207,2023-10-22,available
1208,1208,2023-11-18,available
1209,1209,2024-02-24,available
1210,1210,2023-08-01,available
1211,1211,2022-10-29,sold
1212,1212,2023-08-12,sold
1213,1213,2023-07-21,sold
1214,1214,2024-12-07,sold
1215,1215,2024-05-26,available
1216,1216,2022-08-25,available
1217,1217,2025-04-02,available
1218,1218,2024-05-03,sold
1219,1219,2025-05-16,available
1220,1220,2023-10-14,sold
1221,1221,2023-11-04,sold
1222,1222,2024-08-29,available
1223,1223,2023-03-09,available
1224,1224,2024-01-08,sold
1225,1225,2024-11-12,available
1226,1226,2024-10-25,available
1227,1227,2023-10-29,available
1228,1228,2025-02-11,available
1229,1229,2024-12-11,available
1230,1230,2024-11-25,sold
1231,1231,2022-07-08,available
1232,1232,2023-02-28,available
1233,1233,2024-07-28,sold
1234,1234,2023-02-15,available
1235,1235,2024-02-10,available
1236,1236,2022-12-07,sold
1237,1237,2023-08-18,available
1238,1238,2022-07-12,available
1239,1239,2023-05-02,available
1240,1240,2022-10-12,available
1241,1241,2023-06-13,available
1242,1242,2022-08-19,sold
1243,1243,2025-01-19,available
1244,1244,2024-05-09,available
1245,1245,2024-02-21,sold
1246,1246,2024-08-30,available
1247,1247,2024-07-21,available
1248,1248,2022-07-05,available
1249,1249,2023-11-13,available
1250,1250,2024-07-19,sold
1251,1251,2025-05-17,sold
1252,1252,2023-07-17,sold
1253,1253,2022-10-17,sold
1254,1254,2024-09-17,available
1255,1255,2023-08-14,sold
1256,1256,2024-09-21,sold
1257,1257,2023-02-19,sold
1258,1258,2023-03-06,sold
1259,1259,2024-06-23,available
1260,1260,2025-04-12,available
1261,1261,2025-02-04,sold
1262,1262,2024-04-12,sold
1263,1263,2024-10-18,sold
1264,1264,2024-08-26,available
1265,1265,2024-05-12,available
1266,1266,2024-03-11,sold
1267,1267,2023-12-10,available
1268,1268,2022-09-28,available
1269,1269,2023-01-15,sold
1270,1270,2024-08-01,available
1271,1271,2024-03-03,available
1272,1272,2023-08-13,available
1273,1273,2022-07-30,sold
1274,1274,2022-07-27,sold
1275,1275,2025-05-07,available
1276,1276,2022-12-31,sold
1277,1277,2022-11-26,available
1278,1278,2023-05-05,sold
1279,1279,2023-11-08,available
1280,1280,2023-04-10,sold
1281,1281,2023-08-29,sold
1282,1282,2024-02-04,sold
1283,1283,2024-06-26,sold
1284,1284,2024-08-05,available
1285,1285,2024-10-01,sold
1286,1286,2023-11-13,sold
1287,1287,2023-01-16,available
1288,1288,2025-05-11,available
1289,1289,2024-04-06,available
1290,1290,2023-10-30,available
1291,1291,2025-01-04,sold
1292,1292,2024-12-15,sold
1293,1293,2022-09-09,sold
1294,1294,2024-04-03,sold
1295,1295,2023-03-30,sold
1296,1296,2023-01-01,sold
1297,1297,2024-07-23,available
1298,1298,2024-01-06,sold
1299,1299,2024-07-03,available
1300,1300,2022-07-03,sold
1301,1301,2025-03-12,sold
1302,1302,2022-09-09,available
1303,1303,2023-03-29,sold
1304,1304,2025-03-03,available
1305,1305,2024-11-04,available
1306,1306,2025-04-19,sold
1307,1307,2023-03-09,sold
1308,1308,2023-07-20,sold
1309,1309,2023-07-01,sold
1310,1310,2024-01-30,available
1311,1311,2024-08-25,available
1312,1312,2023-10-18,sold
1313,1313,2024-03-15,available
1314,1314,2024-08-15,sold
1315,1315,2023-01-05,sold
1316,1316,2024-08-01,sold
1317,1317,2023-08-11,sold
1318,1318,2024-10-19,sold
1319,1319,2024-05-23,available
1320,1320,2024-01-12,sold
1321,1321,2022-08-15,sold
1322,1322,2024-10-31,available
1323,1323,2023-01-01,available
1324,1324,2023-08-06,available
1325,1325,2023-07-08,available
1326,1326,2023-02-22,sold
1327,1327,2023-10-09,sold
1328,1328,2022-12-15,sold
1329,1329,2023-07-16,sold
1330,1330,2024-06-25,sold
1331,1331,2024-11-12,sold
1332,1332,2025-04-08,sold
1333,1333,2024-08-09,sold
1334,1334,2024-03-22,sold
1335,1335,2024-08-30,sold
1336,1336,2025-01-24,available
1337,1337,2023-02-23,sold
1338,1338,2023-01-21,sold
1339,1339,2025-01-20,available
1340,1340,2022-07-22,available
1341,1341,2022-09-17,available
1342,1342,2025-01-23,sold
1343,1343,2024-04-08,available
1344,1344,2024-06-13,sold
1345,1345,2023-10-24,available
1346,1346,2023-01-20,sold
1347,1347,2024-06-17,sold
1348,1348,2023-05-13,available
1349,1349,2023-10-18,available
1350,1350,2022-10-12,sold
1351,1351,2023-09-14,available
1352,1352,2023-12-09,sold
1353,1353,2023-02-03,sold
1354,1354,2023-12-04,sold
1355,1355,2023-10-09,sold
1356,1356,2025-01-20,sold
1357,1357,2023-03-06,sold
1358,1358,2025-05-13,sold
1359,1359,2025-01-03,sold
1360,1360,2022-11-08,available
1361,1361,2024-03-05,sold
1362,1362,2025-02-07,sold
1363,1363,2023-08-25,available
1364,1364,2025-02-15,available
1365,1365,2024-11-07,sold
1366,1366,2022-11-02,sold
1367,1367,2024-02-06,sold
1368,1368,2024-10-23,available
1369,1369,2022-10-24,available
1370,1370,2024-02-25,sold
1371,1371,2025-02-04,sold
1372,1372,2023-06-14,available
1373,1373,2024-06-20,sold
1374,1374,2022-11-14,available
1375,1375,2025-05-31,available
1376,1376,2023-04-03,sold
1377,1377,2022-10-15,sold
1378,1378,2023-08-05,sold
1379,1379,2025-02-24,sold
1380,1380,2022-08-08,available
1381,1381,2024-02-24,sold
1382,1382,2023-04-27,sold
1383,1383,2023-11-01,available
1384,1384,2024-07-11,available
1385,1385,2024-11-06,available
1386,1386,2025-05-19,sold
1387,1387,2023-05-01,available
1388,1388,2023-08-16,sold
1389,1389,2023-07-26,sold
1390,1390,2022-08-31,sold
1391,1391,2023-11-29,available
1392,1392,2024-04-27,available
1393,1393,2025-03-18,sold
1394,1394,2022-08-14,sold
1395,1395,2023-08-05,available
1396,1396,2022-08-03,available
1397,1397,2025-01-03,sold
1398,1398,2023-06-07,available
1399,1399,2022-12-25,sold
1400,1400,2022-08-01,available
1401,1401,2025-03-04,available
1402,1402,2023-08-13,sold
1403,1403,2023-04-29,sold
1404,1404,2024-10-26,sold
1405,1405,2023-10-31,sold
1406,1406,2025-06-11,available
1407,1407,2023-12-28,sold
1408,1408,2023-04-21,sold
1409,1409,2024-01-29,sold
1410,1410,2022-07-11,sold
1411,1411,2023-02-27,sold
1412,1412,2023-05-14,sold
1413,1413,2025-06-06,available
1414,1414,2025-03-28,available
1415,1415,2024-01-28,sold
1416,1416,2023-05-07,available
1417,1417,2024-07-20,available
1418,1418,2025-05-13,sold
1419,1419,2022-06-17,sold
1420,1420,2023-05-23,sold
1421,1421,2023-01-05,sold
1422,1422,2022-10-14,available
1423,1423,2024-01-05,sold
1424,1424,2024-07-11,available
1425,1425,2022-08-07,sold
1426,1426,2023-06-20,available
1427,1427,2023-06-07,available
1428,1428,2023-01-16,sold
1429,1429,2024-04-08,available
1430,1430,2023-08-12,sold
1431,1431,2023-03-23,available
1432,1432,2023-09-05,available
1433,1433,2022-11-03,sold
1434,1434,2023-02-17,available
1435,1435,2023-06-10,sold
1436,1436,2023-12-17,sold
1437,1437,2022-11-10,sold
1438,1438,2023-02-10,sold
1439,1439,2025-03-23,available
1440,1440,2024-04-07,available
1441,1441,2022-08-27,sold
1442,1442,2025-04-04,available
1443,1443,2023-07-18,available
1444,1444,2022-11-29,sold
1445,1445,2024-10-15,sold
1446,1446,2024-12-23,available
1447,1447,2024-01-16,available
1448,1448,2024-04-03,available
1449,1449,2022-10-29,sold
1450,1450,2024-06-25,available
1451,1451,2024-07-27,sold
1452,1452,2023-12-14,available
1453,1453,2024-08-29,available
1454,1454,2024-01-17,available
1455,1455,2025-05-18,sold
1456,1456,2022-12-22,sold
1457,1457,2022-11-23,available
1458,1458,2024-02-16,available
1459,1459,2025-03-21,available
1460,1460,2023-04-28,available
1461,1461,2024-04-05,sold
1462,1462,2023-06-06,available
1463,1463,2024-02-23,available
1464,1464,2025-05-30,available
1465,1465,2024-01-26,available
1466,1466,2023-04-17,sold
1467,1467,2024-08-23,sold
1468,1468,2025-03-10,available
1469,1469,2025-03-20,available
1470,1470,2024-07-23,available
1471,1471,2024-04-10,available
1472,1472,2024-11-07,available
1473,1473,2022-11-04,sold
1474,1474,2025-02-02,available
1475,1475,2022-08-19,sold
1476,1476,2024-09-04,available
1477,1477,2025-05-04,available
1478,1478,2023-03-22,available
1479,1479,2024-10-04,available
1480,1480,2022-08-14,sold
1481,1481,2024-01-15,available
1482,1482,2025-04-23,available
1483,1483,2022-11-15,available
1484,1484,2023-07-25,sold
1485,1485,2024-12-19,sold
1486,1486,2023-12-22,sold
1487,1487,2022-10-20,available
1488,1488,2023-04-25,sold
1489,1489,2024-03-20,sold
1490,1490,2023-08-16,sold
1491,1491,2022-11-16,sold
1492,1492,2023-07-18,available
1493,1493,2025-02-13,sold
1494,1494,2024-10-18,available
1495,1495,2022-11-15,available
1496,1496,2025-03-05,available
1497,1497,2023-09-06,sold
1498,1498,2023-07-17,available
1499,1499,2023-01-14,available
1500,1500,2024-10-05,sold
1501,1501,2024-10-21,available
1502,1502,2023-12-09,sold
1503,1503,2022-08-29,sold
1504,1504,2025-05-30,sold
1505,1505,2024-03-28,sold
1506,1506,2023-12-03,sold
1507,1507,2024-02-08,available
1508,1508,2024-11-25,sold
1509,1509,2024-08-24,sold
1510,1510,2024-08-02,sold
1511,1511,2023-08-25,available
1512,1512,2023-03-01,sold
1513,1513,2024-07-14,sold
1514,1514,2024-10-08,available
1515,1515,2023-09-11,available
1516,1516,2024-01-21,sold
1517,1517,2022-09-12,sold
1518,1518,2024-03-12,sold
1519,1519,2024-06-27,available
1520,1520,2024-06-26,sold
1521,1521,2024-10-24,sold
1522,1522,2023-06-21,available
1523,1523,2023-08-04,sold
1524,1524,2023-12-14,sold
1525,1525,2025-02-10,sold
1526,1526,2023-05-28,sold
1527,1527,2023-01-03,available
1528,1528,2025-05-06,sold
1529,1529,2024-04-16,sold
1530,1530,2024-12-26,sold
1531,1531,2022-10-05,available
1532,1532,2023-01-17,sold
1533,1533,2023-01-04,sold
1534,1534,2025-06-01,sold
1535,1535,2024-06-18,available
1536,1536,2024-02-11,sold
1537,1537,2022-06-21,available
1538,1538,2025-04-29,available
1539,1539,2023-07-10,sold
1540,1540,2024-08-15,sold
1541,1541,2024-12-25,sold
1542,1542,2023-12-16,sold
1543,1543,2025-01-03,sold
1544,1544,2025-03-17,available
1545,1545,2025-04-03,available
1546,1546,2022-10-29,sold
1547,1547,2023-12-27,available
1548,1548,2022-07-20,available
1549,1549,2023-10-30,sold
1550,1550,2024-03-18,available
1551,1551,2023-01-11,sold
1552,1552,2023-09-24,sold
1553,1553,2024-09-23,sold
1554,1554,2025-03-14,sold
1555,1555,2024-04-13,sold
1556,1556,2023-12-04,available
1557,1557,2022-09-22,available
1558,1558,2025-02-14,available
1559,1559,2025-01-03,available
1560,1560,2025-05-20,available
1561,1561,2025-05-31,available
1562,1562,2023-08-03,available
1563,1563,2024-06-26,sold
1564,1564,2024-08-29,sold
1565,1565,2024-03-13,sold
1566,1566,2023-09-13,available
1567,1567,2024-12-19,available
1568,1568,2024-10-06,available
1569,1569,2024-01-06,available
1570,1570,2024-09-29,sold
1571,1571,2023-12-08,available
1572,1572,2024-02-12,available
1573,1573,2023-05-19,sold
1574,1574,2024-09-11,sold
1575,1575,2024-04-22,available
1576,1576,2022-09-24,sold
1577,1577,2023-09-17,available
1578,1578,2024-11-14,available
1579,1579,2023-08-09,sold
1580,1580,2024-04-27,sold
1581,1581,2023-10-23,sold
1582,1582,2023-07-09,sold
1583,1583,2024-08-06,sold
1584,1584,2023-11-18,available
1585,1585,2024-07-26,available
1586,1586,2023-08-06,sold
1587,1587,2024-01-24,sold
1588,1588,2024-09-06,sold
1589,1589,2022-06-17,sold
1590,1590,2025-03-13,sold
1591,1591,2024-05-15,sold
1592,1592,2023-02-11,sold
1593,1593,2023-09-07,sold
1594,1594,2024-01-12,sold
1595,1595,2024-06-23,sold
1596,1596,2024-01-18,available
1597,1597,2023-01-22,available
1598,1598,2025-01-19,sold
1599,1599,2022-08-10,sold
1600,1600,2025-04-18,available
1601,1601,2024-05-20,available
1602,1602,2023-10-17,sold
1603,1603,2025-01-14,sold
1604,1604,2024-05-30,sold
1605,1605,2023-01-31,sold
1606,1606,2022-09-18,sold
1607,1607,2024-12-18,sold
1608,1608,2023-12-31,available
1609,1609,2025-02-21,sold
1610,1610,2023-06-22,available
1611,1611,2022-10-09,available
1612,1612,2023-05-25,sold
1613,1613,2023-05-16,available
1614,1614,2023-09-16,sold
1615,1615,2024-11-26,sold
1616,1616,2023-06-30,available
1617,1617,2023-12-29,sold
1618,1618,2024-07-16,sold
1619,1619,2022-09-25,sold
1620,1620,2022-12-03,available
1621,1621,2023-06-22,sold
1622,1622,2022-11-09,sold
1623,1623,2024-12-15,available
1624,1624,2024-02-23,available
1625,1625,2023-04-06,available
1626,1626,2022-11-26,sold
1627,1627,2024-08-04,available
1628,1628,2024-01-28,available
1629,1629,2024-04-14,sold
1630,1630,2022-09-11,sold
1631,1631,2025-06-10,sold
1632,1632,2023-10-10,sold
1633,1633,2022-11-11,available
1634,1634,2022-11-11,sold
1635,1635,2023-08-02,available
1636,1636,2024-01-26,available
1637,1637,2023-01-18,available
1638,1638,2025-01-11,sold
1639,1639,2024-10-12,available
1640,1640,2022-11-10,available
1641,1641,2025-05-01,sold
1642,1642,2023-06-09,available
1643,1643,2024-05-07,sold
1644,1644,2024-06-04,sold
1645,1645,2024-07-04,sold
1646,1646,2025-04-04,available
1647,1647,2025-01-06,available
1648,1648,2024-12-24,available
1649,1649,2025-05-01,sold
1650,1650,2023-12-24,sold
1651,1651,2024-03-17,available
1652,1652,2025-05-31,available
1653,1653,2023-11-02,sold
1654,1654,2022-07-26,available
1655,1655,2023-04-27,available
1656,1656,2022-08-12,available
1657,1657,2025-01-06,sold
1658,1658,2023-05-25,sold
1659,1659,2022-11-22,sold
1660,1660,2024-06-25,available
1661,1661,2024-10-24,available
1662,1662,2025-04-25,sold
1663,1663,2024-06-17,available
1664,1664,2025-03-01,sold
1665,1665,2023-12-12,available
1666,1666,2025-01-02,available
1667,1667,2025-04-14,available
1668,1668,2025-05-01,available
1669,1669,2025-05-30,available
1670,1670,2023-10-26,sold
1671,1671,2024-04-08,available
1672,1672,2022-12-03,available
1673,1673,2024-08-20,sold
1674,1674,2022-07-30,available
1675,1675,2025-03-27,available
1676,1676,2023-10-04,sold
1677,1677,2023-05-24,available
1678,1678,2023-09-13,available
1679,1679,2023-01-18,available
1680,1680,2024-11-08,sold
1681,1681,2023-07-12,sold
1682,1682,2024-10-11,sold
1683,1683,2025-01-29,sold
1684,1684,2024-06-28,sold
1685,1685,2023-01-10,sold
1686,1686,2023-03-07,available
1687,1687,2024-03-23,sold
1688,1688,2022-10-25,available
1689,1689,2024-07-10,sold
1690,1690,2025-05-27,available
1691,1691,2025-03-12,available
1692,1692,2024-06-08,sold
1693,1693,2025-04-13,sold
1694,1694,2023-11-10,available
1695,1695,2022-12-20,available
1696,1696,2023-09-03,sold
1697,1697,2022-11-19,available
1698,1698,2023-02-24,sold
1699,1699,2024-11-30,available
1700,1700,2022-08-02,available
1701,1701,2023-11-09,sold
1702,1702,2023-02-08,available
1703,1703,2023-12-17,sold
1704,1704,2022-10-18,sold
1705,1705,2023-07-09,sold
1706,1706,2024-10-06,available
1707,1707,2025-04-16,available
1708,1708,2023-06-21,available
1709,1709,2024-04-21,sold
1710,1710,2022-07-08,available
1711,1711,2024-02-03,available
1712,1712,2024-04-18,available
1713,1713,2025-04-10,available
1714,1714,2023-09-02,available
1715,1715,2022-11-12,sold
1716,1716,2022-08-12,sold
1717,1717,2024-05-21,sold
1718,1718,2024-10-24,sold
1719,1719,2024-06-20,available
1720,1720,2024-06-21,sold
1721,1721,2023-10-05,available
1722,1722,2023-11-22,sold
1723,1723,2024-02-19,sold
1724,1724,2024-11-04,available
1725,1725,2023-12-20,available
1726,1726,2024-06-06,available
1727,1727,2023-09-05,sold
1728,1728,2024-09-13,available
1729,1729,2025-04-22,available
1730,1730,2025-03-08,available
1731,1731,2025-03-26,sold
1732,1732,2024-05-10,sold
1733,1733,2023-05-20,available
1734,1734,2024-03-01,available
1735,1735,2023-11-27,available
1736,1736,2024-06-01,sold
1737,1737,2023-04-23,sold
1738,1738,2023-08-28,sold
1739,1739,2024-10-04,sold
1740,1740,2023-05-21,sold
1741,1741,2023-05-07,available
1742,1742,2024-05-20,available
1743,1743,2024-06-07,available
1744,1744,2022-12-07,available
1745,1745,2024-07-02,sold
1746,1746,2025-06-02,available
1747,1747,2025-01-22,sold
1748,1748,2025-06-13,sold
1749,1749,2022-08-06,sold
1750,1750,2024-11-29,available
1751,1751,2024-08-21,sold
1752,1752,2023-01-08,available
1753,1753,2025-05-05,sold
1754,1754,2023-09-26,sold
1755,1755,2023-02-23,sold
1756,1756,2023-03-14,sold
1757,1757,2025-05-08,sold
1758,1758,2023-08-11,available
1759,1759,2023-01-18,sold
1760,1760,2024-06-26,sold
1761,1761,2023-11-25,available
1762,1762,2022-11-02,available
1763,1763,2023-06-01,available
1764,1764,2024-02-22,sold
1765,1765,2023-12-26,sold
1766,1766,2024-03-21,available
1767,1767,2025-01-05,available
1768,1768,2023-02-12,sold
1769,1769,2025-02-20,sold
1770,1770,2022-10-16,available
1771,1771,2022-11-09,available
1772,1772,2023-09-06,available
1773,1773,2024-02-18,sold
1774,1774,2022-09-29,sold
1775,1775,2025-01-17,sold
1776,1776,2022-12-05,available
1777,1777,2025-03-05,sold
1778,1778,2023-07-22,available
1779,1779,2022-11-22,sold
1780,1780,2024-08-27,sold
1781,1781,2022-12-18,available
1782,1782,2022-09-10,available
1783,1783,2023-02-11,available
1784,1784,2024-02-05,available
1785,1785,2023-06-16,available
1786,1786,2024-03-05,sold
1787,1787,2023-01-16,sold
1788,1788,2023-04-05,available
1789,1789,2022-12-03,available
1790,1790,2024-06-27,available
1791,1791,2025-02-24,sold
1792,1792,2023-03-19,available
1793,1793,2024-02-01,available
1794,1794,2024-05-07,available
1795,1795,2023-07-19,available
1796,1796,2023-04-26,sold
1797,1797,2022-09-20,sold
1798,1798,2024-09-27,sold
1799,1799,2024-06-27,sold
1800,1800,2025-03-16,available
1801,1801,2022-08-17,sold
1802,1802,2024-08-31,sold
1803,1803,2023-05-03,sold
1804,1804,2024-05-07,available
1805,1805,2023-12-05,sold
1806,1806,2022-07-29,sold
1807,1807,2024-01-02,available
1808,1808,2023-05-08,available
1809,1809,2024-04-14,available
1810,1810,2022-07-24,available
1811,1811,2024-03-12,available
1812,1812,2023-03-16,available
1813,1813,2024-10-17,sold
1814,1814,2023-04-24,available
1815,1815,2024-04-08,sold
1816,1816,2024-12-16,sold
1817,1817,2023-05-04,sold
1818,1818,2024-09-08,sold
1819,1819,2023-12-06,sold
1820,1820,2025-05-06,available
1821,1821,2025-01-08,available
1822,1822,2022-07-24,available
1823,1823,2022-12-12,available
1824,1824,2023-04-10,sold
1825,1825,2024-07-15,available
1826,1826,2024-07-03,available
1827,1827,2023-07-09,sold
1828,1828,2022-08-30,sold
1829,1829,2023-03-06,available
1830,1830,2022-10-08,sold
1831,1831,2025-06-05,available
1832,1832,2023-09-26,available
1833,1833,2025-02-06,available
1834,1834,2022-08-08,available
1835,1835,2022-10-10,sold
1836,1836,2022-08-08,sold
1837,1837,2024-09-28,sold
1838,1838,2022-12-30,available
1839,1839,2024-02-17,available
1840,1840,2023-11-13,sold
1841,1841,2023-11-30,available
1842,1842,2024-10-22,available
1843,1843,2024-09-21,available
1844,1844,2024-05-13,sold
1845,1845,2023-05-20,sold
1846,1846,2024-08-17,sold
1847,1847,2024-04-08,sold
1848,1848,2023-01-18,available
1849,1849,2022-11-02,sold
1850,1850,2024-06-02,available
1851,1851,2024-03-09,available
1852,1852,2024-11-09,sold
1853,1853,2024-04-29,available
1854,1854,2022-11-19,sold
1855,1855,2024-09-28,sold
1856,1856,2023-02-21,available
1857,1857,2023-06-13,sold
1858,1858,2022-11-01,sold
1859,1859,2024-01-01,available
1860,1860,2024-04-20,available
1861,1861,2022-08-12,available
1862,1862,2024-09-26,sold
1863,1863,2023-01-16,available
1864,1864,2024-11-16,sold
1865,1865,2024-10-16,sold
1866,1866,2022-09-21,available
1867,1867,2025-04-07,available
1868,1868,2023-09-26,available
1869,1869,2023-04-27,sold
1870,1870,2023-10-12,available
1871,1871,2023-05-09,available
1872,1872,2024-02-25,available
1873,1873,2023-07-30,sold
1874,1874,2025-03-15,available
1875,1875,2023-08-03,sold
1876,1876,2024-02-25,sold
1877,1877,2025-03-16,sold
1878,1878,2024-01-28,available
1879,1879,2025-03-08,sold
1880,1880,2024-07-13,sold
1881,1881,2024-12-30,sold
1882,1882,2022-08-19,sold
1883,1883,2024-03-23,available
1884,1884,2024-09-19,sold
1885,1885,2024-08-23,available
1886,1886,2024-09-21,sold
1887,1887,2022-09-09,available
1888,1888,2025-03-19,available
1889,1889,2024-08-12,available
1890,1890,2024-09-28,available
1891,1891,2024-10-18,available
1892,1892,2024-12-14,sold
1893,1893,2023-01-03,sold
1894,1894,2022-09-13,available
1895,1895,2023-09-26,sold
1896,1896,2023-08-20,available
1897,1897,2024-02-01,available
1898,1898,2023-05-10,available
1899,1899,2022-11-16,sold
1900,1900,2025-05-22,available
1901,1901,2025-06-11,sold
1902,1902,2022-08-21,sold
1903,1903,2024-08-08,sold
1904,1904,2024-09-09,available
1905,1905,2023-02-03,sold
1906,1906,2024-07-03,sold
1907,1907,2025-02-26,available
1908,1908,2023-09-04,sold
1909,1909,2022-12-18,sold
1910,1910,2022-10-29,sold
1911,1911,2024-08-11,sold
1912,1912,2023-10-28,available
1913,1913,2023-12-04,sold
1914,1914,2023-08-24,available
1915,1915,2024-12-14,sold
1916,1916,2023-08-13,sold
1917,1917,2025-05-27,available
1918,1918,2025-04-20,sold
1919,1919,2022-08-14,sold
1920,1920,2024-01-31,sold
1921,1921,2024-04-24,available
1922,1922,2023-10-09,sold
1923,1923,2023-07-01,sold
1924,1924,2022-11-09,available
1925,1925,2024-10-12,available
1926,1926,2024-04-19,sold
1927,1927,2024-10-25,sold
1928,1928,2022-07-17,sold
1929,1929,2022-07-01,available
1930,1930,2024-04-15,available
1931,1931,2024-07-28,sold
1932,1932,2022-07-18,available
1933,1933,2024-11-18,available
1934,1934,2024-09-19,sold
1935,1935,2025-02-18,available
1936,1936,2024-08-22,available
1937,1937,2023-03-20,sold
1938,1938,2024-03-09,available
1939,1939,2024-02-06,available
1940,1940,2023-10-18,sold
1941,1941,2023-12-26,available
1942,1942,2024-01-24,available
1943,1943,2025-01-19,available
1944,1944,2025-01-15,available
1945,1945,2024-02-27,sold
1946,1946,2024-06-25,available
1947,1947,2024-04-01,available
1948,1948,2024-05-15,sold
1949,1949,2023-09-24,available
1950,1950,2023-03-26,available
1951,1951,2022-08-06,sold
1952,1952,2024-09-03,available
1953,1953,2024-04-18,available
1954,1954,2023-09-16,available
1955,1955,2023-02-25,available
1956,1956,2024-06-05,sold
1957,1957,2022-07-05,sold
1958,1958,2022-08-22,available
1959,1959,2024-04-07,available
1960,1960,2024-06-12,sold
1961,1961,2023-12-24,sold
1962,1962,2023-02-11,sold
1963,1963,2025-04-28,sold
1964,1964,2024-07-22,sold
1965,1965,2023-05-02,available
1966,1966,2024-08-10,available
1967,1967,2025-05-11,sold
1968,1968,2022-07-03,sold
1969,1969,2024-10-31,available
1970,1970,2022-08-12,sold
1971,1971,2024-08-06,available
1972,1972,2023-05-09,available
1973,1973,2024-11-22,available
1974,1974,2022-10-13,sold
1975,1975,2023-01-19,sold
1976,1976,2023-09-18,sold
1977,1977,2023-08-24,sold
1978,1978,2024-07-06,sold
1979,1979,2025-03-22,available
1980,1980,2022-07-23,sold
1981,1981,2024-06-28,sold
1982,1982,2024-12-11,available
1983,1983,2022-06-17,sold
1984,1984,2022-12-24,sold
1985,1985,2025-01-31,sold
1986,1986,2023-09-29,available
1987,1987,2023-01-26,available
1988,1988,2024-07-19,available
1989,1989,2023-02-18,available
1990,1990,2023-11-12,sold
1991,1991,2025-05-18,available
1992,1992,2023-06-10,available
1993,1993,2023-04-17,sold
1994,1994,2022-10-12,sold
1995,1995,2025-05-12,available
1996,1996,2024-05-15,sold
1997,1997,2022-10-23,sold
1998,1998,2022-12-31,available
1999,1999,2023-12-07,sold
2000,2000,2025-06-12,available
2001,2001,2025-03-16,available
2002,2002,2022-07-30,sold
2003,2003,2024-04-13,sold
2004,2004,2024-07-13,available
2005,2005,2022-07-01,sold
2006,2006,2023-09-23,sold
2007,2007,2022-10-31,sold
2008,2008,2022-08-06,sold
2009,2009,2023-05-13,sold
2010,2010,2023-11-11,available
2011,2011,2024-05-25,sold
2012,2012,2022-09-06,available
2013,2013,2022-09-23,available
2014,2014,2022-10-20,available
2015,2015,2025-03-29,sold
2016,2016,2024-02-04,sold
2017,2017,2023-12-14,sold
2018,2018,2022-12-16,sold
2019,2019,2023-09-17,sold
2020,2020,2022-10-20,sold
2021,2021,2023-05-15,sold
2022,2022,2023-02-18,available
2023,2023,2023-04-10,sold
2024,2024,2025-05-19,sold
2025,2025,2025-02-23,sold
2026,2026,2024-11-26,available
2027,2027,2022-07-01,available
2028,2028,2023-07-23,sold
2029,2029,2023-06-08,sold
2030,2030,2024-09-16,sold
2031,2031,2023-11-20,available
2032,2032,2025-02-26,available
2033,2033,2022-06-29,sold
2034,2034,2024-03-08,available
2035,2035,2025-06-05,available
2036,2036,2022-06-24,available
2037,2037,2024-01-09,available
2038,2038,2023-01-06,available
2039,2039,2024-06-16,sold
2040,2040,2024-08-31,sold
2041,2041,2022-12-26,sold
2042,2042,2023-07-29,available
2043,2043,2023-01-03,available
2044,2044,2023-02-08,sold
2045,2045,2025-06-03,sold
2046,2046,2024-09-21,available
2047,2047,2024-06-27,available
2048,2048,2024-05-10,sold
2049,2049,2023-02-16,available
2050,2050,2022-10-14,available
2051,2051,2022-12-15,sold
2052,2052,2024-12-15,available
2053,2053,2024-07-25,available
2054,2054,2024-04-22,available
2055,2055,2024-03-18,available
2056,2056,2022-07-05,available
2057,2057,2024-10-11,sold
2058,2058,2023-02-23,available
2059,2059,2024-06-16,available
2060,2060,2022-10-31,sold
2061,2061,2024-01-27,sold
2062,2062,2023-12-26,available
2063,2063,2023-07-28,sold
2064,2064,2025-01-03,sold
2065,2065,2024-03-26,available
2066,2066,2023-10-18,available
2067,2067,2024-04-25,sold
2068,2068,2022-07-31,sold
2069,2069,2024-01-03,available
2070,2070,2025-03-06,sold
2071,2071,2023-05-30,available
2072,2072,2022-12-06,available
2073,2073,2024-09-07,available
2074,2074,2023-12-25,sold
2075,2075,2024-09-29,sold
2076,2076,2023-06-17,sold
2077,2077,2023-05-23,sold
2078,2078,2024-11-08,available
2079,2079,2024-06-25,available
2080,2080,2025-06-01,available
2081,2081,2023-04-03,available
2082,2082,2023-06-20,sold
2083,2083,2022-11-05,available
2084,2084,2024-04-07,sold
2085,2085,2025-03-26,sold
2086,2086,2022-08-15,available
2087,2087,2023-09-26,sold
2088,2088,2022-12-12,available
2089,2089,2025-03-07,available
2090,2090,2025-05-08,available
2091,2091,2024-04-21,available
2092,2092,2024-10-13,available
2093,2093,2023-02-01,available
2094,2094,2023-06-20,sold
2095,2095,2022-12-29,sold
2096,2096,2025-02-23,sold
2097,2097,2025-04-17,sold
2098,2098,2023-03-31,available
2099,2099,2022-11-02,available
2100,2100,2022-08-09,sold
2101,2101,2022-12-07,sold
2102,2102,2023-08-25,sold
2103,2103,2023-06-06,available
2104,2104,2022-12-17,sold
2105,2105,2022-06-30,sold
2106,2106,2024-12-13,sold
2107,2107,2024-12-20,sold
2108,2108,2022-11-02,sold
2109,2109,2022-09-18,available
2110,2110,2023-09-08,sold
2111,2111,2023-07-16,sold
2112,2112,2023-06-11,available
2113,2113,2024-11-13,available
2114,2114,2024-08-16,available
2115,2115,2022-08-20,sold
2116,2116,2023-07-14,available
2117,2117,2024-03-31,sold
2118,2118,2022-06-25,sold
2119,2119,2025-05-15,available
2120,2120,2024-01-01,sold
2121,2121,2024-01-27,available
2122,2122,2023-04-02,available
2123,2123,2022-11-03,available
2124,2124,2023-09-15,sold
2125,2125,2024-08-06,sold
2126,2126,2024-02-10,sold
2127,2127,2023-01-14,available
2128,2128,2024-01-27,available
2129,2129,2022-07-16,sold
2130,2130,2024-03-30,available
2131,2131,2025-05-19,available
2132,2132,2024-03-06,sold
2133,2133,2024-05-22,available
2134,2134,2023-06-27,available
2135,2135,2024-04-12,sold
2136,2136,2025-05-04,sold
2137,2137,2024-02-13,sold
2138,2138,2024-09-07,sold
2139,2139,2024-10-30,sold
2140,2140,2022-09-11,available
2141,2141,2024-09-29,sold
2142,2142,2025-05-03,available
2143,2143,2023-03-18,available
2144,2144,2023-09-10,available
2145,2145,2024-05-03,sold
2146,2146,2023-12-26,sold
2147,2147,2025-03-26,sold
2148,2148,2024-07-13,available
2149,2149,2022-07-17,sold
2150,2150,2024-06-30,sold
2151,2151,2023-11-27,available
2152,2152,2023-07-05,sold
2153,2153,2024-04-27,sold
2154,2154,2023-05-09,available
2155,2155,2024-09-17,sold
2156,2156,2023-05-07,sold
2157,2157,2024-12-30,available
2158,2158,2023-06-07,available
2159,2159,2023-12-26,available
2160,2160,2024-09-14,available
2161,2161,2023-02-12,sold
2162,2162,2024-12-09,available
2163,2163,2022-09-25,sold
2164,2164,2024-06-10,sold
2165,2165,2023-10-11,sold
2166,2166,2025-06-14,available
2167,2167,2024-12-20,sold
2168,2168,2024-10-20,sold
2169,2169,2024-03-08,available
2170,2170,2025-01-22,available
2171,2171,2024-02-05,available
2172,2172,2025-04-21,available
2173,2173,2023-08-04,available
2174,2174,2023-03-22,sold
2175,2175,2024-12-23,available
2176,2176,2022-10-10,available
2177,2177,2024-03-13,available
2178,2178,2022-11-10,available
2179,2179,2023-10-25,sold
2180,2180,2024-01-15,sold
2181,2181,2024-12-09,sold
2182,2182,2023-01-06,available
2183,2183,2024-11-24,sold
2184,2184,2025-02-19,available
2185,2185,2023-05-02,available
2186,2186,2024-11-03,available
2187,2187,2024-02-10,sold
2188,2188,2025-01-22,sold
2189,2189,2024-10-31,available
2190,2190,2024-01-09,available
2191,2191,2024-09-08,sold
2192,2192,2024-08-14,sold
2193,2193,2024-01-02,sold
2194,2194,2025-05-16,sold
2195,2195,2023-09-30,available
2196,2196,2025-06-11,available
2197,2197,2023-04-12,sold
2198,2198,2024-11-08,sold
2199,2199,2025-01-16,available
2200,2200,2024-02-08,sold
2201,2201,2024-04-14,available
2202,2202,2025-05-01,sold
2203,2203,2025-03-08,sold
2204,2204,2024-09-06,sold
2205,2205,2022-09-23,sold
2206,2206,2022-11-22,sold
2207,2207,2023-06-19,available
2208,2208,2025-05-23,available
2209,2209,2024-05-21,available
2210,2210,2023-10-03,available
2211,2211,2024-09-29,available
2212,2212,2022-08-25,sold
2213,2213,2023-04-06,sold
2214,2214,2024-02-29,sold
2215,2215,2022-11-22,available
2216,2216,2024-12-15,available
2217,2217,2023-05-06,available
2218,2218,2022-11-15,sold
2219,2219,2024-05-06,available
2220,2220,2024-06-06,sold
2221,2221,2025-03-06,available
2222,2222,2024-02-14,sold
2223,2223,2023-12-06,available
2224,2224,2022-12-31,sold
2225,2225,2022-11-06,available
2226,2226,2022-07-28,sold
2227,2227,2024-10-20,sold
2228,2228,2023-01-15,sold
2229,2229,2024-01-14,available
2230,2230,2023-09-04,sold
2231,2231,2023-12-11,sold
2232,2232,2024-11-20,sold
2233,2233,2025-03-20,available
2234,2234,2024-11-15,available
2235,2235,2024-02-22,sold
2236,2236,2023-05-20,available
2237,2237,2025-01-16,available
2238,2238,2023-06-04,available
2239,2239,2022-09-22,available
2240,2240,2025-01-10,sold
2241,2241,2023-01-15,sold
2242,2242,2023-05-09,available
2243,2243,2023-03-28,sold
2244,2244,2024-03-14,available
2245,2245,2024-07-23,sold
2246,2246,2023-10-10,available
2247,2247,2025-06-06,available
2248,2248,2023-12-30,sold
2249,2249,2024-04-25,available
2250,2250,2025-03-24,available
2251,2251,2022-08-06,available
2252,2252,2024-01-05,available
2253,2253,2024-01-23,available
2254,2254,2025-02-24,sold
2255,2255,2023-07-12,available
2256,2256,2023-06-03,sold
2257,2257,2023-07-13,sold
2258,2258,2023-08-28,sold
2259,2259,2022-06-18,available
2260,2260,2024-10-18,sold
2261,2261,2022-08-02,available
2262,2262,2024-03-09,sold
2263,2263,2022-12-29,sold
2264,2264,2023-01-14,sold
2265,2265,2025-04-23,available
2266,2266,2023-06-14,sold
2267,2267,2022-08-21,sold
2268,2268,2023-05-03,available
2269,2269,2023-07-10,available
2270,2270,2025-02-18,available
2271,2271,2023-08-15,available
2272,2272,2024-02-24,sold
2273,2273,2022-09-25,sold
2274,2274,2022-08-18,sold
2275,2275,2023-01-13,available
2276,2276,2024-05-13,available
2277,2277,2024-09-13,sold
2278,2278,2024-03-01,available
2279,2279,2025-03-17,sold
2280,2280,2022-10-19,sold
2281,2281,2023-09-11,sold
2282,2282,2023-04-10,available
2283,2283,2024-12-19,sold
2284,2284,2022-11-01,available
2285,2285,2025-01-01,sold
2286,2286,2024-10-11,sold
2287,2287,2023-05-18,available
2288,2288,2022-08-17,available
2289,2289,2023-05-02,sold
2290,2290,2023-02-06,available
2291,2291,2025-01-22,sold
2292,2292,2023-07-26,available
2293,2293,2023-02-06,available
2294,2294,2025-04-21,available
2295,2295,2025-02-23,available
2296,2296,2025-05-02,available
2297,2297,2023-11-27,sold
2298,2298,2024-02-22,available
2299,2299,2025-05-13,sold
2300,2300,2023-08-31,available
2301,2301,2023-03-08,sold
2302,2302,2022-12-05,available
2303,2303,2022-07-16,sold
2304,2304,2023-10-17,available
2305,2305,2024-03-30,available
2306,2306,2022-09-19,available
2307,2307,2024-03-02,sold
2308,2308,2023-09-13,sold
2309,2309,2024-07-11,available
2310,2310,2023-02-28,available
2311,2311,2023-02-13,sold
2312,2312,2023-06-12,available
2313,2313,2023-05-25,sold
2314,2314,2025-05-28,sold
2315,2315,2025-03-16,available
2316,2316,2023-08-03,available
2317,2317,2024-11-05,available
2318,2318,2025-01-06,available
2319,2319,2022-10-28,available
2320,2320,2022-11-29,available
2321,2321,2025-01-22,sold
2322,2322,2023-06-03,sold
2323,2323,2025-06-06,available
2324,2324,2023-05-12,available
2325,2325,2024-06-13,available
2326,2326,2023-02-11,sold
2327,2327,2024-01-01,sold
2328,2328,2025-03-23,sold
2329,2329,2025-06-07,sold
2330,2330,2025-04-14,sold
2331,2331,2024-07-16,sold
2332,2332,2022-11-29,sold
2333,2333,2023-05-13,available
2334,2334,2023-09-24,available
2335,2335,2022-12-19,sold
2336,2336,2025-03-11,available
2337,2337,2023-01-09,available
2338,2338,2024-07-09,available
2339,2339,2023-02-27,sold
2340,2340,2025-05-06,sold
2341,2341,2022-08-02,sold
2342,2342,2023-10-12,available
2343,2343,2024-01-08,sold
2344,2344,2024-02-18,sold
2345,2345,2025-05-16,sold
2346,2346,2022-12-01,available
2347,2347,2022-08-07,sold
2348,2348,2023-04-17,available
2349,2349,2022-09-04,available
2350,2350,2023-11-09,available
2351,2351,2023-06-13,available
2352,2352,2023-12-16,available
2353,2353,2025-03-14,available
2354,2354,2025-05-18,available
2355,2355,2023-11-22,available
2356,2356,2024-06-26,sold
2357,2357,2022-11-04,available
2358,2358,2022-09-02,available
2359,2359,2024-08-26,available
2360,2360,2022-09-18,sold
2361,2361,2023-04-11,sold
2362,2362,2023-11-26,available
2363,2363,2024-08-25,available
2364,2364,2025-05-13,sold
2365,2365,2022-12-27,available
2366,2366,2024-03-20,sold
2367,2367,2023-10-04,available
2368,2368,2022-10-22,available
2369,2369,2024-02-04,available
2370,2370,2024-12-03,sold
2371,2371,2023-08-15,sold
2372,2372,2022-11-20,available
2373,2373,2024-08-13,sold
2374,2374,2025-04-26,sold
2375,2375,2023-12-20,available
2376,2376,2022-08-30,available
2377,2377,2022-07-05,available
2378,2378,2024-04-18,available
2379,2379,2024-03-28,available
2380,2380,2023-07-29,sold
2381,2381,2024-04-20,available
2382,2382,2024-06-27,sold
2383,2383,2023-12-22,available
2384,2384,2024-02-16,available
2385,2385,2023-07-21,sold
2386,2386,2024-05-26,sold
2387,2387,2024-12-11,available
2388,2388,2024-03-05,sold
2389,2389,2022-12-27,sold
2390,2390,2023-01-14,sold
2391,2391,2025-05-05,available
2392,2392,2022-10-09,sold
2393,2393,2023-03-19,available
2394,2394,2024-01-26,available
2395,2395,2023-11-21,sold
2396,2396,2023-05-08,sold
2397,2397,2024-02-06,sold
2398,2398,2024-07-14,sold
2399,2399,2024-09-29,sold
2400,2400,2024-01-12,available
2401,2401,2023-04-13,sold
2402,2402,2022-10-15,sold
2403,2403,2024-11-03,available
2404,2404,2023-02-16,available
2405,2405,2023-06-04,available
2406,2406,2024-04-01,sold
2407,2407,2023-12-21,sold
2408,2408,2025-03-10,available
2409,2409,2023-08-30,sold
2410,2410,2024-03-13,available
2411,2411,2025-02-04,available
2412,2412,2023-11-23,available
2413,2413,2025-03-17,available
2414,2414,2023-09-03,available
2415,2415,2024-09-18,sold
2416,2416,2023-11-08,available
2417,2417,2024-01-08,available
2418,2418,2025-06-10,sold
2419,2419,2024-07-17,available
2420,2420,2024-11-06,sold
2421,2421,2025-03-03,sold
2422,2422,2022-06-26,available
2423,2423,2023-08-07,sold
2424,2424,2024-10-28,sold
2425,2425,2025-06-04,available
2426,2426,2024-05-31,sold
2427,2427,2023-07-23,sold
2428,2428,2022-11-02,sold
2429,2429,2023-10-02,available
2430,2430,2024-05-28,sold
2431,2431,2023-10-20,available
2432,2432,2024-11-03,available
2433,2433,2023-04-26,sold
2434,2434,2024-03-07,sold
2435,2435,2022-12-24,available
2436,2436,2022-12-13,sold
2437,2437,2023-09-09,available
2438,2438,2024-07-09,available
2439,2439,2025-01-13,available
2440,2440,2024-11-09,available
2441,2441,2023-12-17,available
2442,2442,2023-12-19,sold
2443,2443,2023-07-04,available
2444,2444,2024-02-16,available
2445,2445,2023-11-17,sold
2446,2446,2025-01-24,sold
2447,2447,2025-02-25,available
2448,2448,2024-02-17,sold
2449,2449,2024-09-04,available
2450,2450,2024-12-06,sold
2451,2451,2022-10-28,available
2452,2452,2022-07-30,available
2453,2453,2023-10-12,sold
2454,2454,2024-04-07,sold
2455,2455,2023-11-24,available
2456,2456,2022-11-04,available
2457,2457,2023-03-31,sold
2458,2458,2022-11-19,available
2459,2459,2024-03-23,available
2460,2460,2024-01-05,available
2461,2461,2024-03-15,sold
2462,2462,2024-02-13,available
2463,2463,2025-05-29,available
2464,2464,2024-09-11,available
2465,2465,2025-02-12,sold
2466,2466,2023-11-03,available
2467,2467,2023-10-05,sold
2468,2468,2023-11-06,sold
2469,2469,2023-10-27,available
2470,2470,2023-08-03,sold
2471,2471,2023-08-16,available
2472,2472,2023-12-24,sold
2473,2473,2023-04-23,available
2474,2474,2022-12-03,sold
2475,2475,2022-07-07,sold
2476,2476,2023-05-29,sold
2477,2477,2025-01-14,available
2478,2478,2022-07-29,sold
2479,2479,2023-02-16,sold
2480,2480,2025-04-02,sold
2481,2481,2023-11-23,available
2482,2482,2023-02-11,sold
2483,2483,2024-10-16,sold
2484,2484,2023-07-26,sold
2485,2485,2024-07-01,sold
2486,2486,2022-08-06,sold
2487,2487,2024-07-11,available
2488,2488,2025-05-19,available
2489,2489,2024-04-03,available
2490,2490,2025-04-13,available
2491,2491,2023-03-08,sold
2492,2492,2024-02-15,sold
2493,2493,2024-07-13,available
2494,2494,2023-01-14,sold
2495,2495,2024-08-01,sold
2496,2496,2023-08-13,sold
2497,2497,2022-08-25,sold
2498,2498,2024-10-30,available
2499,2499,2023-01-08,available
2500,2500,2023-05-24,sold
2501,2501,2023-08-17,sold
2502,2502,2025-04-07,sold
2503,2503,2023-08-28,available
2504,2504,2025-03-15,available
2505,2505,2024-12-04,available
2506,2506,2023-09-20,available
2507,2507,2023-04-15,sold
2508,2508,2024-09-13,available
2509,2509,2022-12-13,sold
2510,2510,2024-03-04,sold
2511,2511,2025-01-08,available
2512,2512,2024-01-23,sold
2513,2513,2024-02-23,available
2514,2514,2024-04-07,sold
2515,2515,2023-01-27,available
2516,2516,2024-05-20,available
2517,2517,2023-01-15,available
2518,2518,2023-06-26,sold
2519,2519,2022-11-25,sold
2520,2520,2024-03-16,sold
2521,2521,2022-08-06,sold
2522,2522,2025-03-05,available
2523,2523,2022-09-15,available
2524,2524,2023-09-20,sold
2525,2525,2022-10-10,available
2526,2526,2023-02-03,sold
2527,2527,2023-08-18,sold
2528,2528,2024-10-04,available
2529,2529,2022-10-26,sold
2530,2530,2024-02-21,available
2531,2531,2022-08-06,sold
2532,2532,2025-04-11,available
2533,2533,2022-09-18,sold
2534,2534,2022-10-09,available
2535,2535,2023-11-19,sold
2536,2536,2022-12-31,available
2537,2537,2022-12-31,available
2538,2538,2023-04-18,available
2539,2539,2022-12-26,sold
2540,2540,2023-03-29,available
2541,2541,2024-05-21,sold
2542,2542,2024-07-04,sold
2543,2543,2024-06-17,sold
2544,2544,2022-10-02,available
2545,2545,2023-02-23,available
2546,2546,2023-06-09,available
2547,2547,2025-04-15,available
2548,2548,2025-02-14,available
2549,2549,2023-07-25,available
2550,2550,2022-08-31,available
2551,2551,2022-09-04,sold
2552,2552,2023-06-16,available
2553,2553,2024-11-28,available
2554,2554,2023-08-26,sold
2555,2555,2022-07-19,sold
2556,2556,2025-01-13,sold
2557,2557,2023-11-20,sold
2558,2558,2023-12-22,available
2559,2559,2023-02-14,available
2560,2560,2022-08-26,available
2561,2561,2024-12-09,available
2562,2562,2023-02-10,sold
2563,2563,2024-10-11,sold
2564,2564,2022-10-15,sold
2565,2565,2023-03-17,available
2566,2566,2024-07-22,sold
2567,2567,2024-01-11,available
2568,2568,2024-08-16,available
2569,2569,2023-09-05,available
2570,2570,2022-11-13,sold
2571,2571,2023-10-05,available
2572,2572,2023-06-14,available
2573,2573,2022-08-24,available
2574,2574,2023-12-01,available
2575,2575,2023-08-10,sold
2576,2576,2024-01-10,available
2577,2577,2023-08-02,available
2578,2578,2024-01-20,available
2579,2579,2024-03-07,sold
2580,2580,2025-04-27,sold
2581,2581,2022-07-05,sold
2582,2582,2023-11-08,available
2583,2583,2023-03-16,available
2584,2584,2024-04-15,available
2585,2585,2022-11-29,available
2586,2586,2024-05-29,available
2587,2587,2023-04-06,available
2588,2588,2025-03-17,sold
2589,2589,2024-02-14,sold
2590,2590,2022-12-11,sold
2591,2591,2023-06-10,available
2592,2592,2022-10-21,available
2593,2593,2022-09-27,available
2594,2594,2023-01-18,available
2595,2595,2025-05-24,available
2596,2596,2022-12-22,available
2597,2597,2024-10-01,sold
2598,2598,2024-07-25,available
2599,2599,2023-01-16,sold
2600,2600,2022-09-23,available
2601,2601,2023-10-15,available
2602,2602,2023-12-22,sold
2603,2603,2024-09-03,available
2604,2604,2023-08-26,available
2605,2605,2024-10-31,sold
2606,2606,2024-02-27,sold
2607,2607,2023-06-25,available
2608,2608,2023-02-07,sold
2609,2609,2022-11-09,sold
2610,2610,2025-05-17,sold
2611,2611,2023-01-01,available
2612,2612,2023-08-14,available
2613,2613,2023-09-11,available
2614,2614,2023-10-27,sold
2615,2615,2024-04-17,sold
2616,2616,2024-09-07,available
2617,2617,2024-08-27,available
2618,2618,2023-05-13,available
2619,2619,2023-05-06,available
2620,2620,2024-05-20,sold
2621,2621,2023-09-28,available
2622,2622,2024-06-05,sold
2623,2623,2024-10-28,sold
2624,2624,2023-10-21,sold
2625,2625,2023-08-02,available
2626,2626,2023-10-17,available
2627,2627,2024-12-15,sold
2628,2628,2025-03-30,sold
2629,2629,2025-03-09,available
2630,2630,2023-09-25,available
2631,2631,2024-11-05,available
2632,2632,2023-12-21,sold
2633,2633,2024-07-20,sold
2634,2634,2024-06-07,available
2635,2635,2023-11-22,available
2636,2636,2023-06-17,available
2637,2637,2025-01-03,sold
2638,2638,2023-12-04,sold
2639,2639,2022-11-17,available
2640,2640,2023-03-13,available
2641,2641,2024-12-29,available
2642,2642,2023-06-20,sold
2643,2643,2024-02-01,available
2644,2644,2024-05-01,available
2645,2645,2022-11-25,available
2646,2646,2022-11-30,available
2647,2647,2022-08-31,sold
2648,2648,2025-05-07,sold
2649,2649,2024-02-15,sold
2650,2650,2023-02-04,sold
2651,2651,2024-05-21,sold
2652,2652,2024-08-17,available
2653,2653,2023-04-06,available
2654,2654,2024-08-05,sold
2655,2655,2024-01-22,available
2656,2656,2024-03-10,available
2657,2657,2024-10-31,available
2658,2658,2022-07-26,sold
2659,2659,2025-04-10,sold
2660,2660,2024-05-11,sold
2661,2661,2023-09-29,available
2662,2662,2024-05-23,available
2663,2663,2025-02-14,sold
2664,2664,2025-03-13,sold
2665,2665,2024-12-04,available
2666,2666,2025-04-24,sold
2667,2667,2024-10-10,sold
2668,2668,2022-07-04,sold
2669,2669,2023-06-02,sold
2670,2670,2023-05-10,sold
2671,2671,2025-05-01,sold
2672,2672,2024-01-16,sold
2673,2673,2023-01-08,available
2674,2674,2024-01-31,available
2675,2675,2024-01-12,sold
2676,2676,2025-01-14,sold
2677,2677,2024-03-01,available
2678,2678,2025-04-24,available
2679,2679,2022-09-16,available
2680,2680,2024-05-17,available
2681,2681,2025-01-16,available
2682,2682,2024-06-12,sold
2683,2683,2022-11-12,available
2684,2684,2023-06-03,available
2685,2685,2023-06-01,sold
2686,2686,2025-06-01,sold
2687,2687,2022-12-17,available
2688,2688,2022-09-02,available
2689,2689,2023-10-21,sold
2690,2690,2023-09-26,sold
2691,2691,2025-04-10,available
2692,2692,2024-07-07,sold
2693,2693,2023-11-16,sold
2694,2694,2023-01-31,sold
2695,2695,2022-07-01,sold
2696,2696,2024-07-27,available
2697,2697,2024-11-03,sold
2698,2698,2022-11-11,available
2699,2699,2022-11-07,sold
2700,2700,2024-11-22,available
2701,2701,2024-01-23,available
2702,2702,2023-07-23,sold
2703,2703,2022-07-03,sold
2704,2704,2024-11-10,sold
2705,2705,2023-03-02,available
2706,2706,2022-11-10,available
2707,2707,2023-04-14,available
2708,2708,2022-10-10,sold
2709,2709,2022-07-01,sold
2710,2710,2024-09-18,sold
2711,2711,2023-04-07,sold
2712,2712,2022-09-23,available
2713,2713,2022-07-27,available
2714,2714,2024-05-08,sold
2715,2715,2023-04-10,available
2716,2716,2022-07-05,sold
2717,2717,2023-12-16,available
2718,2718,2023-02-16,available
2719,2719,2023-12-20,sold
2720,2720,2024-10-20,sold
2721,2721,2024-03-27,sold
2722,2722,2024-01-11,available
2723,2723,2024-05-30,available
2724,2724,2022-11-20,available
2725,2725,2022-06-16,sold
2726,2726,2023-10-16,available
2727,2727,2024-09-10,sold
2728,2728,2022-12-08,sold
2729,2729,2024-04-15,available
2730,2730,2025-05-08,sold
2731,2731,2022-10-24,available
2732,2732,2023-08-13,sold
2733,2733,2023-09-03,sold
2734,2734,2025-02-01,sold
2735,2735,2024-07-31,available
2736,2736,2024-10-10,available
2737,2737,2023-06-15,available
2738,2738,2024-12-20,sold
2739,2739,2024-05-29,available
2740,2740,2024-03-14,sold
2741,2741,2023-04-18,available
2742,2742,2024-10-03,sold
2743,2743,2023-04-17,sold
2744,2744,2022-07-06,available
2745,2745,2023-05-21,available
2746,2746,2024-04-04,sold
2747,2747,2025-05-12,sold
2748,2748,2022-07-11,sold
2749,2749,2024-08-05,sold
2750,2750,2024-11-26,available
2751,2751,2025-05-09,sold
2752,2752,2022-07-28,sold
2753,2753,2023-10-25,sold
2754,2754,2024-01-12,available
2755,2755,2023-01-14,sold
2756,2756,2025-05-22,sold
2757,2757,2023-04-15,sold
2758,2758,2024-05-11,sold
2759,2759,2024-09-24,available
2760,2760,2023-08-13,available
2761,2761,2025-05-21,available
2762,2762,2025-04-12,available
2763,2763,2024-05-16,available
2764,2764,2023-06-25,sold
2765,2765,2024-07-15,available
2766,2766,2023-08-24,available
2767,2767,2025-05-21,sold
2768,2768,2024-04-18,available
2769,2769,2022-07-14,sold
2770,2770,2024-05-16,sold
2771,2771,2023-03-26,available
2772,2772,2024-03-19,available
2773,2773,2024-07-08,available
2774,2774,2024-02-21,sold
2775,2775,2024-07-31,sold
2776,2776,2025-05-09,available
2777,2777,2022-08-22,sold
2778,2778,2024-01-07,sold
2779,2779,2024-06-03,sold
2780,2780,2023-04-10,available
2781,2781,2024-09-15,sold
2782,2782,2025-06-09,available
2783,2783,2023-10-24,available
2784,2784,2023-02-25,sold
2785,2785,2023-01-16,sold
2786,2786,2023-04-16,sold
2787,2787,2024-09-13,sold
2788,2788,2025-02-10,available
2789,2789,2023-01-04,sold
2790,2790,2022-08-13,sold
2791,2791,2023-05-20,sold
2792,2792,2024-03-07,available
2793,2793,2022-07-15,sold
2794,2794,2022-09-04,available
2795,2795,2025-05-27,sold
2796,2796,2025-03-21,sold
2797,2797,2023-11-25,sold
2798,2798,2022-12-29,available
2799,2799,2024-01-31,sold
2800,2800,2024-07-13,sold
2801,2801,2023-03-31,sold
2802,2802,2022-11-20,available
2803,2803,2023-06-18,available
2804,2804,2025-04-05,available
2805,2805,2025-03-23,available
2806,2806,2024-10-18,sold
2807,2807,2024-01-16,sold
2808,2808,2022-08-25,available
2809,2809,2024-10-08,available
2810,2810,2023-11-03,available
2811,2811,2024-12-27,available
2812,2812,2023-09-27,sold
2813,2813,2024-12-30,sold
2814,2814,2022-11-02,available
2815,2815,2024-01-20,sold
2816,2816,2023-08-18,sold
2817,2817,2025-04-09,available
2818,2818,2022-12-15,available
2819,2819,2025-05-12,sold
2820,2820,2024-03-24,available
2821,2821,2025-02-02,available
2822,2822,2023-03-25,sold
2823,2823,2025-02-19,sold
2824,2824,2022-08-01,sold
2825,2825,2022-11-01,sold
2826,2826,2025-04-14,sold
2827,2827,2023-01-02,available
2828,2828,2023-08-12,available
2829,2829,2022-09-20,available
2830,2830,2022-08-18,sold
2831,2831,2023-04-26,available
2832,2832,2024-07-10,available
2833,2833,2022-11-14,sold
2834,2834,2024-03-08,sold
2835,2835,2024-03-10,available
2836,2836,2024-11-09,sold
2837,2837,2023-09-08,sold
2838,2838,2022-11-08,available
2839,2839,2024-08-11,sold
2840,2840,2023-08-24,sold
2841,2841,2024-02-19,available
2842,2842,2025-01-15,sold
2843,2843,2023-01-09,available
2844,2844,2024-03-05,available
2845,2845,2022-10-29,available
2846,2846,2022-07-12,available
2847,2847,2024-01-28,available
2848,2848,2023-10-21,sold
2849,2849,2025-02-14,sold
2850,2850,2023-01-12,available
2851,2851,2023-01-07,available
2852,2852,2023-11-07,available
2853,2853,2025-05-18,available
2854,2854,2024-04-23,sold
2855,2855,2023-05-01,sold
2856,2856,2024-10-27,sold
2857,2857,2023-04-22,sold
2858,2858,2022-12-14,available
2859,2859,2024-04-04,available
2860,2860,2024-12-11,available
2861,2861,2024-09-25,sold
2862,2862,2022-08-31,sold
2863,2863,2024-04-23,available
2864,2864,2022-12-26,sold
2865,2865,2025-02-23,available
2866,2866,2024-05-27,available
2867,2867,2022-11-01,available
2868,2868,2023-12-24,sold
2869,2869,2024-05-30,available
2870,2870,2025-02-12,sold
2871,2871,2022-09-25,sold
2872,2872,2023-09-09,available
2873,2873,2024-02-26,available
2874,2874,2024-05-11,sold
2875,2875,2025-03-27,sold
2876,2876,2023-11-02,sold
2877,2877,2024-08-05,sold
2878,2878,2024-07-01,available
2879,2879,2023-06-06,sold
2880,2880,2025-03-18,available
2881,2881,2022-09-04,sold
2882,2882,2024-03-20,available
2883,2883,2023-06-25,sold
2884,2884,2022-12-01,available
2885,2885,2023-05-19,available
2886,2886,2024-09-27,available
2887,2887,2023-03-04,available
2888,2888,2025-06-14,available
2889,2889,2024-11-17,sold
2890,2890,2024-12-09,sold
2891,2891,2025-05-17,available
2892,2892,2024-04-08,available
2893,2893,2023-12-18,available
2894,2894,2024-08-26,available
2895,2895,2023-12-09,available
2896,2896,2023-05-01,available
2897,2897,2024-10-15,sold
2898,2898,2024-09-06,available
2899,2899,2023-02-15,sold
2900,2900,2024-04-07,available
2901,2901,2023-12-15,available
2902,2902,2025-06-01,sold
2903,2903,2023-04-10,available
2904,2904,2023-08-14,available
2905,2905,2024-07-30,available
2906,2906,2023-10-04,sold
2907,2907,2023-08-12,available
2908,2908,2024-11-22,available
2909,2909,2024-10-29,available
2910,2910,2022-10-12,sold
2911,2911,2025-01-07,sold
2912,2912,2023-07-22,available
2913,2913,2024-08-01,sold
2914,2914,2023-05-11,sold
2915,2915,2023-01-18,available
2916,2916,2022-10-17,sold
2917,2917,2025-03-26,available
2918,2918,2023-01-13,sold
2919,2919,2025-04-25,available
2920,2920,2024-09-01,sold
2921,2921,2023-04-22,sold
2922,2922,2025-03-26,available
2923,2923,2024-07-12,available
2924,2924,2024-12-22,sold
2925,2925,2024-09-28,available
2926,2926,2025-06-01,sold
2927,2927,2024-07-10,sold
2928,2928,2023-03-22,sold
2929,2929,2024-06-28,available
2930,2930,2022-09-24,sold
2931,2931,2022-08-13,available
2932,2932,2022-08-16,sold
2933,2933,2022-06-29,sold
2934,2934,2024-10-21,sold
2935,2935,2024-01-05,available
2936,2936,2024-09-04,sold
2937,2937,2023-08-27,sold
2938,2938,2022-06-19,available
2939,2939,2024-04-19,sold
2940,2940,2025-02-19,available
2941,2941,2023-08-09,sold
2942,2942,2023-06-18,available
2943,2943,2022-06-25,available
2944,2944,2023-04-14,sold
2945,2945,2023-09-25,sold
2946,2946,2025-04-04,available
2947,2947,2024-10-20,available
2948,2948,2023-12-16,available
2949,2949,2023-10-03,available
2950,2950,2024-08-21,available
2951,2951,2025-03-09,sold
2952,2952,2024-04-09,sold
2953,2953,2025-05-19,available
2954,2954,2024-03-22,sold
2955,2955,2023-03-11,available
2956,2956,2024-12-26,available
2957,2957,2024-09-05,sold
2958,2958,2024-12-22,available
2959,2959,2023-05-11,available
2960,2960,2022-09-07,sold
2961,2961,2024-02-17,available
2962,2962,2022-08-22,sold
2963,2963,2023-04-22,sold
2964,2964,2023-02-01,available
2965,2965,2024-12-28,sold
2966,2966,2023-12-06,available
2967,2967,2023-06-05,sold
2968,2968,2023-07-29,available
2969,2969,2024-12-24,sold
2970,2970,2022-10-12,sold
2971,2971,2024-04-08,sold
2972,2972,2023-01-31,available
2973,2973,2023-03-25,sold
2974,2974,2024-08-22,available
2975,2975,2025-01-09,sold
2976,2976,2024-01-28,sold
2977,2977,2025-06-10,sold
2978,2978,2024-09-23,sold
2979,2979,2023-02-03,sold
2980,2980,2025-02-23,sold
2981,2981,2023-04-14,sold
2982,2982,2023-04-22,sold
2983,2983,2025-01-04,sold
2984,2984,2024-07-09,sold
2985,2985,2023-02-03,available
2986,2986,2023-11-08,available
2987,2987,2022-09-19,sold
2988,2988,2023-07-27,sold
2989,2989,2023-02-11,sold
2990,2990,2022-08-12,available
2991,2991,2025-05-20,available
2992,2992,2024-10-27,sold
2993,2993,2024-12-06,available
2994,2994,2025-02-06,sold
2995,2995,2023-12-29,available
2996,2996,2024-04-23,sold
2997,2997,2024-10-03,sold
2998,2998,2022-08-20,sold
2999,2999,2025-02-27,available
3000,3000,2025-01-07,sold
