mortgage_id,buyer_id,property_id,loan_amount,interest_rate,term_years
1,614,2296,487844.67,6.03,15
2,772,522,262336.74,5.32,15
3,2252,2600,1253876.47,4.06,30
4,1076,2555,533130.79,3.93,30
5,2627,41,1254609.15,4.06,30
6,2037,846,906631.37,6.42,20
7,1293,2091,804417.66,3.84,15
8,1943,439,1402256.14,3.26,15
9,2561,589,717157.04,3.7,30
10,2152,1134,199713.99,4.67,30
11,2975,120,862946.01,4.02,15
12,2350,1217,678162.48,3.29,15
13,1707,603,1198729.47,4.2,20
14,2952,1359,486987.3,4.63,30
15,2418,2267,896794.92,6.44,20
16,1231,1593,1530047.64,6.38,15
17,583,2982,701738.75,3.62,15
18,2816,176,1329627.19,3.19,20
19,2400,1007,412688.8,5.81,30
20,2113,378,893651.5,3.07,15
21,745,304,1090941.37,2.89,15
22,2644,2805,297122.06,2.81,20
23,2088,1143,707886.14,3.66,15
24,2929,1589,436807.23,3.16,15
25,2002,33,1069712.46,4.65,20
26,2041,1951,460199.66,4.96,15
27,843,721,782973.5,5.4,15
28,1949,991,1125772.74,5.99,30
29,1176,983,1244907.31,4.37,20
30,2179,1269,1391041.23,6.49,15
31,318,254,679146.97,6.46,15
32,895,951,111080.85,5.16,20
33,1055,995,1308850.82,4.24,20
34,968,226,340547.03,4.69,30
35,713,317,92772.08,6.04,20
36,1398,2468,286601.2,4.18,15
37,568,1112,829916.3,6.15,30
38,2726,328,815091.99,6.31,20
39,2054,2056,709183.75,3.28,30
40,690,2824,1027712.59,4.41,15
41,1095,455,556224.84,5.6,20
42,1915,85,1116547.43,4.3,15
43,1873,2041,610690.2,5.31,30
44,2948,2671,530047.01,3.25,20
45,1039,2920,341932.41,3.7,20
46,1335,2680,992016.73,4.25,15
47,945,452,801768.92,5.52,20
48,2157,1993,666868.12,5.2,15
49,1223,645,356479.57,3.68,30
50,2971,1759,1690943.8,4.79,20
51,1751,2165,388974.44,4.55,30
52,408,52,209891.42,2.56,20
53,2273,2783,1203041.35,5.35,15
54,1549,780,949909.41,5.28,20
55,1434,142,217432.1,4.46,15
56,2482,634,307846.97,3.24,30
57,28,709,1164837.27,5.62,15
58,2115,2242,916228.25,3.5,20
59,2925,2612,94809.3,6.36,15
60,1552,2657,64980.18,3.75,30
61,2542,11,72194.8,5.23,15
62,2307,1658,71255.78,5.77,15
63,2712,2914,70212.5,4.16,15
64,2381,1366,1641551.91,3.19,15
65,495,2084,1012358.49,5.25,15
66,165,2202,1371671.59,3.22,15
67,1471,966,822505.37,3.17,30
68,2403,963,1255115.8,3.94,15
69,2168,2340,672299.38,3.67,20
70,291,1831,745511.96,5.9,15
71,1172,1926,577236.95,3.23,20
72,1444,2316,228459.07,2.9,15
73,1996,785,1018569.45,5.66,20
74,1328,239,349169.24,4.56,30
75,2981,2059,534246.89,5.37,15
76,749,1905,1622490.42,3.29,20
77,82,978,981900.55,3.89,15
78,2821,1251,776510.26,3.86,20
79,817,519,1598620.83,5.64,15
80,2830,2847,245262.1,3.12,20
81,361,2708,1184896.87,4.21,20
82,2604,1286,871373.69,3.7,30
83,1703,1552,335950.55,5.59,30
84,2999,2915,863021.37,4.96,15
85,1139,680,1193993.18,3.72,15
86,21,56,1619032.54,2.94,20
87,1078,784,665330.07,3.58,30
88,400,71,1594827.21,3.46,15
89,781,740,601095.31,5.89,30
90,2807,2221,834668.66,3.39,20
91,674,2631,666901.88,5.98,15
92,2952,964,1059224.29,2.68,20
93,1131,486,166435.29,4.12,20
94,2208,1727,1418762.53,4.25,15
95,2861,2669,482685.15,2.58,20
96,2452,354,235754.43,2.99,20
97,667,2639,575604.91,4.5,15
98,2553,882,970142.6,3.32,20
99,2082,2723,823193.2,3.64,15
100,1617,2412,596970.45,4.06,15
101,354,1311,1770923.85,3.89,20
102,2770,2154,1025297.47,2.58,20
103,1518,2041,597903.14,4.34,15
104,2825,869,175739.41,6.22,15
105,2968,2260,416719.62,3.27,15
106,2726,2202,1089341.75,3.52,30
107,2615,1310,1001609.29,5.17,30
108,2219,359,664234.94,3.97,30
109,1222,448,919826.42,3.73,30
110,925,659,303390.28,5.46,20
111,1858,189,579710.36,5.95,20
112,1023,937,574845.13,4.45,15
113,274,194,590407.37,3.27,15
114,1418,1207,1104328.46,5.8,20
115,340,754,210191.97,3.43,30
116,156,2188,707903.82,4.05,30
117,2655,1969,1416195.56,4.17,30
118,2449,2481,1522946.74,5.5,20
119,2848,91,312297.25,4.52,30
120,1591,44,1393196.98,3.94,20
121,411,348,998583.89,5.94,15
122,2256,2365,356226.28,2.85,15
123,1970,1283,376012.76,3.72,20
124,2303,973,616278.22,4.47,15
125,812,2831,780498.17,2.95,20
126,2369,552,1433367.17,4.87,30
127,387,2114,181366.72,2.98,20
128,1310,2650,417303.62,4.23,20
129,1300,2702,960649.06,4.87,20
130,1146,2735,222326.33,3.19,20
131,2326,2349,996443.45,3.85,20
132,2166,986,450422.32,3.29,20
133,2191,242,1517233.5,5.33,20
134,1509,1662,582556.26,6.32,20
135,1188,2528,789757.49,5.93,15
136,2077,2121,519709.94,3.43,30
137,2238,984,1370100.96,6.07,15
138,1805,2969,1105387.2,6.24,20
139,2073,859,427025.24,4.49,30
140,2566,770,262838.34,6.33,15
141,2282,365,576556.17,4.4,20
142,1852,2726,883923.83,2.53,20
143,179,715,236146.81,6.17,15
144,1789,271,411571.73,3.78,20
145,433,1941,1544517.4,2.77,20
146,2617,2165,341184.61,5.67,15
147,63,370,747874.71,2.74,30
148,2615,691,443469.79,3.61,30
149,2412,76,802001.18,2.53,15
150,2977,1013,87741.96,5.58,30
151,663,447,173123.6,5.04,30
152,320,2377,1007893.88,5.57,15
153,1092,1183,1337546.21,4.29,20
154,1184,1321,804055.31,4.57,30
155,1271,1747,382162.7,6.06,20
156,2820,2603,337266.67,5.81,15
157,1627,1345,518334.66,4.27,20
158,183,2579,1521049.62,2.92,30
159,1890,2817,251924.46,3.24,30
160,2495,62,440028.77,5.65,15
161,2139,538,1486630.61,4.0,20
162,497,2321,674742.4,5.04,30
163,1551,2226,852505.44,3.04,20
164,1686,2800,1100377.28,2.97,30
165,2352,2321,784608.76,5.41,20
166,1856,2761,572634.34,5.85,30
167,1739,2851,1048572.98,3.92,20
168,2208,1738,630969.33,4.89,20
169,2719,1310,1291649.6,6.14,20
170,1777,1976,1079773.11,5.16,30
171,2077,65,1200212.18,4.35,15
172,3000,1686,540338.69,3.27,30
173,1017,1946,137358.01,6.1,30
174,979,1143,859624.28,3.63,15
175,2721,2945,907991.37,4.5,30
176,1657,1384,1370310.08,4.29,30
177,2231,1508,555741.25,4.11,30
178,1473,637,282717.18,4.34,15
179,555,274,861501.52,2.51,20
180,2106,1798,1181100.33,4.84,30
181,2081,2152,826812.69,6.43,30
182,2770,641,1079295.58,5.77,20
183,2048,1632,1427359.36,3.37,30
184,2141,2202,1058019.11,5.76,15
185,1797,2452,1106354.03,5.4,30
186,2754,2463,1590229.81,2.54,15
187,772,2806,1403614.91,2.83,30
188,1156,921,1250386.41,3.67,15
189,2306,2016,163449.46,5.9,15
190,2614,2237,1666561.88,3.64,30
191,1627,1999,368603.74,5.31,15
192,1201,2498,1483191.91,3.76,30
193,1545,982,526335.52,4.19,30
194,193,2528,847662.66,4.17,15
195,2586,2851,1046541.89,5.59,20
196,732,1090,501613.2,4.93,15
197,2293,2723,795917.79,2.83,30
198,1011,585,874899.51,3.99,20
199,1737,1839,1164757.75,5.21,30
200,314,2093,503022.35,4.36,15
201,1097,1367,1116888.35,4.79,30
202,651,2935,894452.52,4.41,15
203,2113,2492,748637.02,5.17,15
204,614,707,748320.25,2.92,30
205,2387,2654,811237.64,3.75,15
206,1280,1577,980757.54,6.19,15
207,1941,975,177592.54,6.25,20
208,2895,1052,1465621.1,3.62,20
209,1492,1229,839598.33,5.73,15
210,1014,846,1243890.52,3.86,30
211,308,1700,845614.55,5.52,30
212,2539,357,956067.65,4.14,15
213,97,2828,948105.32,3.3,30
214,1688,2929,1002563.22,4.1,15
215,224,1829,479688.51,3.55,20
216,735,1299,106251.95,2.51,30
217,359,1693,810353.06,4.09,20
218,81,1610,771917.48,4.95,30
219,2780,1966,657211.95,5.0,15
220,1085,265,479544.07,3.87,20
221,1129,2243,1120785.32,3.6,30
222,266,2807,866074.53,3.36,15
223,2338,71,1543203.17,3.29,20
224,311,2133,1071865.06,6.29,20
225,855,2452,872076.19,5.34,30
226,2998,1655,1089536.24,5.62,15
227,594,1867,104797.12,2.64,30
228,2685,2388,511262.51,3.19,20
229,965,2116,767511.77,4.39,15
230,2499,2298,169515.39,5.7,30
231,71,1485,207241.76,4.92,20
232,866,980,109419.09,5.44,15
233,2699,999,105469.56,5.7,15
234,1302,2387,1517719.82,3.04,30
235,1756,1480,479495.15,5.64,15
236,2845,2489,924776.64,3.67,30
237,443,574,377082.47,5.48,15
238,11,109,294542.13,5.98,30
239,462,2099,733385.97,6.19,30
240,2551,697,260363.8,2.96,20
241,2337,366,937823.33,4.1,30
242,2930,2348,654969.54,4.47,15
243,389,1935,225666.88,6.3,15
244,972,936,1623923.18,5.31,30
245,504,1020,562817.11,3.95,15
246,1530,1013,72808.99,3.17,30
247,1886,2948,1182714.57,3.74,20
248,2860,2596,728534.64,3.59,30
249,115,2354,673056.42,3.57,20
250,2725,2034,59920.77,5.83,30
251,680,2179,1361870.2,4.65,15
252,2197,2665,1021888.49,3.64,30
253,660,397,144141.81,4.0,30
254,2000,17,822466.35,4.23,30
255,1167,2638,369029.53,6.34,30
256,2618,2629,349662.74,3.42,30
257,666,892,84739.52,6.33,20
258,651,1773,182057.34,6.44,30
259,2970,880,941672.42,5.48,15
260,1395,1030,915181.06,3.87,15
261,2136,1988,820801.16,4.67,20
262,1423,2503,583553.67,3.53,20
263,2854,370,820095.06,3.75,20
264,1102,320,986549.64,4.33,20
265,2736,2999,947732.47,5.27,15
266,1433,889,974704.64,3.49,15
267,1099,1225,336277.82,5.15,15
268,1138,2978,375921.91,4.81,30
269,1512,1308,1075267.97,5.51,30
270,2857,2473,916013.47,3.77,20
271,2024,559,508700.77,5.64,30
272,1320,2740,649327.97,6.15,20
273,729,1419,320958.34,2.5,30
274,1757,710,598289.19,3.7,30
275,1838,1817,124788.08,3.54,20
276,2245,1950,268184.68,4.57,30
277,530,1760,1255451.17,3.19,30
278,2806,2779,1015387.29,3.79,20
279,2251,547,135763.58,5.94,30
280,193,2084,891119.68,5.4,30
281,2058,18,971664.87,4.56,15
282,701,148,1408363.44,3.02,15
283,2565,472,282517.03,5.31,30
284,1122,591,1262171.13,3.88,20
285,2012,2314,908014.56,2.7,15
286,2007,2380,997771.47,5.88,30
287,47,687,1324472.25,2.59,30
288,688,694,269740.24,4.75,15
289,1480,1899,174378.25,5.66,30
290,2153,1015,659228.69,4.95,30
291,2734,1027,1145112.45,3.18,15
292,951,730,78912.54,3.7,30
293,19,2658,1397524.85,5.07,15
294,955,1971,617842.86,2.92,15
295,1422,202,615448.09,4.67,15
296,1203,1562,86244.99,4.54,30
297,2399,1513,687697.74,3.15,30
298,205,2218,1266708.86,6.28,15
299,766,575,193446.35,4.54,20
300,187,89,810212.53,4.83,30
301,1871,2825,618808.27,3.62,15
302,422,1811,836167.07,6.47,15
303,962,1662,509205.21,6.18,30
304,2001,1017,580245.9,5.29,30
305,2758,2716,1599808.2,5.52,15
306,1295,2467,1500124.94,4.52,30
307,2825,835,1122818.8,3.42,15
308,2312,2807,825292.78,4.66,30
309,1747,2576,1172759.8,3.84,30
310,755,2999,1315049.02,5.26,20
311,2758,2544,404334.81,4.88,20
312,1987,335,559836.85,3.71,30
313,2683,2035,55156.88,4.37,15
314,2459,342,81398.04,5.32,15
315,952,1502,115458.32,4.11,15
316,1431,2557,183953.11,5.0,20
317,736,828,98171.8,6.33,30
318,355,1528,699917.64,6.35,30
319,2645,1778,906876.06,5.77,15
320,2698,2659,575158.77,3.38,20
321,232,1538,1074379.89,3.87,15
322,475,461,1497353.55,5.29,30
323,2543,1385,1266010.83,4.89,15
324,2556,606,1128369.31,4.05,30
325,2379,1376,287743.1,3.32,20
326,2680,1598,1100717.0,4.69,20
327,914,362,221266.56,4.3,20
328,96,3,716539.01,4.77,15
329,480,441,286671.23,4.14,30
330,675,743,459238.52,3.59,15
331,1575,1423,1437722.16,6.36,30
332,1288,329,591364.4,4.93,30
333,2053,494,645537.63,4.45,30
334,2720,1354,1229124.15,2.76,20
335,2450,462,213166.63,5.99,20
336,2373,2286,141081.85,2.66,30
337,875,1105,859542.95,5.35,30
338,2435,840,747200.85,6.48,30
339,1118,203,1419533.59,4.93,15
340,138,24,140334.61,3.8,30
341,2216,383,144537.13,5.31,15
342,781,352,1146186.85,4.86,15
343,1595,1577,1064035.13,5.55,30
344,974,2899,332944.06,3.89,20
345,2310,2354,766591.59,5.12,20
346,1140,85,1054875.57,2.74,20
347,452,236,1434862.85,4.27,20
348,1514,402,562909.01,5.72,20
349,2480,665,1328076.57,2.6,20
350,1345,882,1006660.03,3.66,20
351,1450,2829,181861.13,4.63,30
352,771,349,1030425.91,5.97,30
353,1781,1578,1446780.01,3.83,30
354,1007,1048,882499.92,6.32,15
355,606,1681,822660.01,4.56,15
356,30,1921,415228.48,5.69,30
357,2286,1540,880694.33,5.32,30
358,977,721,746880.64,4.89,15
359,2574,893,1007395.05,5.01,30
360,495,1902,653474.99,3.01,30
361,708,1340,1200928.76,4.62,15
362,348,2650,477584.53,5.84,30
363,477,678,1211548.52,4.35,15
364,1486,391,105497.12,4.3,30
365,1090,1275,830977.31,4.06,20
366,2867,80,1181640.91,5.98,15
367,1414,2492,717357.44,4.15,20
368,379,753,1234192.76,3.69,20
369,2233,1235,479342.12,4.26,30
370,1446,360,1183538.84,2.76,30
371,2521,74,1640291.34,2.77,30
372,2883,1084,953237.58,6.01,15
373,1372,1244,398383.72,3.7,30
374,1732,697,304087.18,6.19,15
375,449,1725,291593.84,4.71,30
376,1871,890,1478380.87,6.4,30
377,198,1874,1505579.9,4.06,20
378,1991,1461,1437920.2,5.89,30
379,1219,745,284017.3,5.87,15
380,1314,1970,802721.5,4.48,20
381,1422,2284,1076465.0,6.49,20
382,1511,240,1326276.13,4.25,15
383,1785,917,763490.57,5.2,30
384,1727,2096,344184.38,2.91,15
385,600,1883,366089.35,5.61,20
386,702,846,1211215.85,4.93,15
387,1467,739,1328516.2,2.5,20
388,2578,1833,1031675.97,4.17,20
389,2069,276,139393.36,3.32,20
390,404,778,1240944.58,5.68,15
391,1854,23,1161331.62,6.45,30
392,525,876,723499.0,5.6,15
393,2637,2572,1597518.69,2.71,20
394,2802,913,703319.61,5.82,30
395,1635,1930,509786.4,2.57,20
396,385,2231,962554.82,6.46,20
397,902,953,1102228.14,2.81,20
398,1209,2856,815302.45,3.79,20
399,728,2276,1429615.86,3.86,30
400,437,2086,728375.45,6.23,15
401,974,1552,311556.49,3.1,20
402,615,2883,695668.05,4.85,20
403,1491,2134,62874.66,2.75,20
404,796,2661,1520906.07,5.37,15
405,544,660,1024843.84,5.53,30
406,2921,2104,1136911.14,2.51,30
407,639,343,1382984.17,5.79,20
408,1378,2005,743446.02,5.75,30
409,359,549,730437.39,5.51,15
410,731,426,1283952.44,3.26,30
411,799,1190,1155478.21,5.11,20
412,2356,2922,107366.28,6.11,20
413,2857,2905,1379449.59,3.96,20
414,1790,1591,1141512.62,5.52,20
415,617,1409,443190.47,4.31,15
416,420,1989,813263.84,3.05,15
417,1250,1503,516638.78,4.42,20
418,501,2589,1653728.55,4.28,20
419,1412,2535,268427.64,3.19,15
420,194,535,774929.54,6.41,15
421,947,1844,746076.24,6.47,20
422,934,890,1408493.78,3.27,30
423,1457,347,648057.51,4.99,20
424,2568,655,222491.16,2.76,20
425,547,2514,138236.6,5.51,15
426,2522,2792,1467806.64,5.4,20
427,1930,1758,671583.57,3.0,30
428,2925,2861,341770.22,5.41,15
429,2043,2841,408344.83,3.48,15
430,319,165,736603.44,2.96,30
431,1075,1608,1209219.82,5.78,15
432,2656,192,1121007.44,3.86,20
433,1711,2191,1575537.71,5.34,15
434,86,821,1303570.96,4.89,15
435,1935,2809,1223403.82,3.04,30
436,2169,943,1199152.86,6.12,30
437,2460,34,903303.82,5.66,15
438,1260,1098,1440115.41,4.68,15
439,2015,1677,436828.73,5.4,20
440,1462,1896,853625.74,4.1,20
441,874,2343,559491.13,4.88,15
442,2270,2322,604644.33,4.19,15
443,681,2688,1424548.51,3.87,15
444,1062,1858,1268843.47,5.31,15
445,313,1664,775738.4,4.54,30
446,1907,2229,1150303.65,2.98,15
447,594,670,728952.88,5.35,30
448,1111,2599,555314.78,3.66,20
449,2735,1238,463993.21,4.6,30
450,1619,2537,1056131.43,5.44,20
451,1346,330,1041756.71,3.21,30
452,1508,1899,145109.33,5.47,15
453,1052,543,402654.02,2.72,15
454,899,832,120389.9,2.84,15
455,2192,532,611120.26,5.64,30
456,1625,473,1597588.05,3.03,30
457,2463,1441,1352333.28,3.97,30
458,604,1373,115522.65,5.61,15
459,1809,708,368254.45,2.54,20
460,1920,1808,355293.81,5.17,15
461,2541,2771,1176950.32,2.61,30
462,2507,2969,818852.58,4.1,20
463,660,209,1120196.19,3.87,15
464,2307,475,1255710.25,2.85,30
465,2624,2385,396263.38,4.7,15
466,2118,2802,1387359.57,2.84,30
467,864,2963,1062788.68,4.27,30
468,2050,1243,703724.04,6.26,20
469,45,1488,1131194.91,4.54,20
470,385,2805,247223.07,4.16,20
471,2058,1367,985068.16,6.42,20
472,660,293,1393015.08,6.25,20
473,664,2765,1322232.43,5.36,20
474,943,2071,1603388.24,6.33,20
475,1103,1486,1132294.94,5.8,20
476,342,2906,1657017.34,3.57,30
477,1853,1405,1144058.11,2.64,20
478,1064,1577,1278663.52,3.48,20
479,1317,1329,106850.76,5.7,15
480,513,2685,888283.5,2.79,30
481,2813,2135,1034012.74,4.51,30
482,411,838,69226.08,6.39,20
483,2485,1004,1155917.31,4.8,30
484,2919,960,733812.67,4.76,15
485,2678,760,1254670.87,2.66,30
486,1265,283,967597.33,4.21,30
487,1797,187,1395733.79,6.16,30
488,1655,2173,1019726.59,4.69,30
489,675,1549,233931.95,4.29,15
490,2801,76,948146.48,4.89,30
491,1970,1998,424178.88,5.26,20
492,2378,2698,551196.97,3.96,30
493,1434,2422,565185.11,2.96,15
494,891,1492,1253469.79,3.26,15
495,663,1385,1076933.55,5.24,15
496,1769,2986,453781.78,4.22,15
497,1905,253,1256090.48,5.04,20
498,1223,1190,1159866.63,5.02,20
499,2110,719,580355.49,2.8,30
500,1067,1354,1269440.1,5.52,20
501,740,78,296904.24,3.89,20
502,931,667,611707.55,5.74,30
503,2658,2260,554079.14,6.02,20
504,1300,4,619446.37,5.8,30
505,1168,1505,299726.79,6.37,15
506,2979,1605,252641.87,3.14,30
507,2060,1155,858460.47,4.81,30
508,614,2986,567888.03,5.04,30
509,2994,2913,207374.85,6.01,30
510,2370,2165,342676.85,2.62,30
511,2779,1395,1483386.27,6.06,30
512,738,2172,969588.63,6.32,30
513,802,132,63950.55,5.14,30
514,1742,423,248773.66,5.97,15
515,1771,957,461791.27,2.57,30
516,664,2035,78293.63,5.32,15
517,185,2699,1095469.44,5.05,20
518,217,751,247462.93,3.68,15
519,1813,2336,635122.43,3.41,20
520,1941,2298,203013.51,2.83,20
521,2081,1514,879589.8,6.25,30
522,102,1470,332290.46,3.18,20
523,2278,1832,886885.98,5.03,20
524,430,1259,99301.79,2.92,15
525,2785,2099,948141.44,6.13,30
526,1897,1999,488476.84,5.54,15
527,1325,2860,988318.61,4.94,15
528,549,2423,776110.82,5.08,20
529,2589,2386,590077.93,2.75,30
530,2145,1155,825312.24,3.73,20
531,1654,2825,604181.79,2.55,30
532,2833,2384,978898.0,5.6,30
533,410,1249,638878.86,3.76,30
534,762,2054,258350.61,4.37,20
535,2009,1871,1365575.26,4.23,15
536,1822,1147,453188.78,5.44,20
537,2277,1408,1316602.77,3.32,20
538,416,1548,1249998.81,4.09,30
539,2892,466,660273.86,4.12,30
540,1512,2408,795676.19,6.46,15
541,1273,291,581249.08,2.97,30
542,2024,1233,523704.43,3.16,20
543,2614,1016,75542.39,5.46,15
544,1330,360,916730.32,5.91,15
545,679,2696,128884.31,6.24,30
546,832,2842,383048.34,3.57,30
547,277,1106,290960.5,2.84,30
548,530,187,1389056.48,5.09,20
549,1915,1058,146244.75,2.87,20
550,2813,1946,157864.07,2.89,30
551,1123,531,772779.17,4.5,15
552,278,708,292847.35,5.71,30
553,632,1076,235387.74,4.41,15
554,2085,103,1165255.75,2.67,15
555,1890,2120,230007.64,3.95,20
556,3000,791,502507.87,3.65,20
557,1125,731,301636.61,5.22,15
558,706,1582,953897.81,2.93,20
559,2710,1197,971980.94,4.25,30
560,540,7,1264020.59,5.3,30
561,1881,611,432995.41,5.52,15
562,2871,476,769579.62,4.59,20
563,105,2084,1179398.54,6.27,15
564,853,1240,479825.98,3.61,15
565,2385,1801,1321104.97,6.0,15
566,2249,707,925002.13,5.12,30
567,824,2104,1510789.1,3.79,30
568,2438,2055,760901.65,3.05,20
569,1141,8,799385.05,3.11,30
570,820,1720,847711.62,5.14,30
571,2940,1131,851001.3,3.68,30
572,2780,1202,353118.55,4.33,15
573,1082,1173,1468527.59,2.83,15
574,2010,2593,761454.5,4.1,30
575,74,1767,438101.25,4.66,15
576,1021,2800,1058583.8,2.55,30
577,67,57,1501495.91,3.19,20
578,2197,36,1317597.54,4.43,30
579,570,2564,317570.93,3.76,20
580,830,20,1364700.29,3.1,15
581,496,524,473814.15,2.91,30
582,86,839,760767.96,3.78,30
583,890,715,312470.2,3.1,15
584,2028,589,706390.92,3.54,20
585,293,1606,796934.15,4.56,30
586,2151,2639,562068.35,3.52,30
587,2393,2655,266042.89,4.67,30
588,684,2747,900390.6,5.24,15
589,520,723,686762.41,5.41,20
590,1619,490,672178.26,4.77,15
591,186,2083,1619791.05,5.56,20
592,807,601,1399439.95,6.13,15
593,2635,929,1458252.68,5.51,20
594,2932,2790,653815.36,2.82,20
595,1413,2712,1307576.37,3.71,20
596,538,633,117023.15,5.36,20
597,2114,2501,434095.92,5.05,20
598,1079,1042,331136.29,3.2,20
599,2513,2798,629840.67,3.3,15
600,2014,1037,1199237.68,5.72,30
601,214,2150,1266821.4,6.41,20
602,911,595,89315.35,5.51,15
603,1640,2699,760699.19,5.09,30
604,1010,9,1166255.61,4.32,15
605,1781,2721,947623.48,5.54,30
606,1458,2383,499685.9,6.12,15
607,2979,1300,729487.48,3.44,15
608,1362,911,907260.78,4.5,30
609,153,756,183801.84,5.39,30
610,2426,1193,653182.88,2.72,20
611,2434,2996,1053957.62,5.83,20
612,430,2507,836903.02,6.26,30
613,491,629,232978.23,6.11,20
614,2481,2589,1332532.14,3.62,15
615,2353,2514,150481.57,3.14,30
616,545,1862,448081.93,2.96,20
617,2936,1006,1316738.8,4.29,15
618,324,1950,353169.97,5.27,15
619,261,461,1287881.53,5.05,20
620,2841,1604,984643.83,5.99,20
621,1015,1509,1064758.55,6.06,20
622,2931,1244,389637.1,3.54,30
623,2481,2082,88466.33,2.67,30
624,2011,510,698119.77,4.45,20
625,2128,2916,1129083.89,3.44,15
626,1173,2358,499298.73,3.38,30
627,2992,8,811626.73,2.54,15
628,919,1240,369358.29,4.63,15
629,1312,2896,313545.19,5.24,15
630,2528,2562,640021.95,5.61,15
631,2088,41,1088612.6,3.98,15
632,432,1022,352710.08,3.38,15
633,2914,2340,629969.68,5.28,20
634,2257,2109,1294363.72,6.4,30
635,2235,444,706487.43,4.66,30
636,1495,2315,1596458.56,4.76,15
637,566,2844,1017918.04,4.83,20
638,2152,160,1334793.47,3.07,30
639,964,2870,1129666.36,5.88,20
640,863,2368,385565.86,2.66,15
641,128,1133,954788.95,5.82,30
642,1699,805,1424526.48,5.57,30
643,261,1588,1110987.39,6.15,20
644,2234,1610,721954.05,4.37,20
645,2862,2509,1230845.24,5.5,20
646,1117,1123,981324.16,2.98,20
647,336,174,496907.54,3.55,15
648,1804,718,1149041.65,6.05,15
649,61,420,96601.84,5.49,30
650,2025,556,912291.01,3.71,15
651,68,538,1130268.54,5.43,15
652,1986,2832,575344.01,3.99,15
653,2815,1409,572216.74,3.17,30
654,2732,603,919537.4,5.96,30
655,1092,908,560559.5,5.41,20
656,958,2221,669858.37,4.35,20
657,2387,1799,436679.95,4.26,15
658,2677,2343,596692.28,3.6,15
659,1444,773,539849.76,3.7,20
660,2994,1358,1490468.42,4.26,15
661,2514,1561,1207127.61,3.43,30
662,2650,2188,970155.57,5.63,30
663,2065,2006,230256.03,5.28,20
664,649,2516,815957.22,2.87,20
665,1968,791,498309.56,2.58,15
666,2446,9,1287791.64,6.46,15
667,350,53,824120.1,4.43,30
668,1929,2214,771370.02,6.01,30
669,641,1674,449694.32,5.06,15
670,2404,2212,523307.13,5.48,15
671,752,762,1111903.56,5.43,15
672,2558,815,275788.46,5.2,15
673,1945,1058,143438.98,5.99,20
674,2703,2841,335168.34,6.37,20
675,1976,657,749177.09,6.15,30
676,2457,716,266111.88,5.69,30
677,2986,2811,326173.75,5.76,20
678,1278,98,1422745.62,4.07,20
679,1841,2329,1392806.27,5.48,15
680,24,2790,634672.7,2.98,20
681,1758,2496,1043867.49,5.97,15
682,1855,1540,613579.72,4.74,20
683,2952,2479,356206.39,5.86,15
684,122,2231,820430.07,5.94,20
685,2310,120,862352.5,3.21,15
686,722,338,261376.12,6.09,15
687,1295,2928,258412.24,2.95,20
688,1959,308,973712.83,6.34,20
689,702,699,649934.78,5.52,30
690,419,2490,118847.74,3.77,15
691,2079,1181,1226282.08,4.45,15
692,2217,753,1521680.58,4.5,15
693,2966,407,1207419.42,3.92,30
694,544,240,969256.62,3.48,15
695,2305,285,320993.61,4.5,30
696,483,629,194631.28,6.16,20
697,2698,1716,124481.67,5.69,20
698,2102,845,791757.05,6.39,20
699,695,2445,821387.64,2.7,30
700,885,1948,989349.0,3.35,20
701,2795,2192,1569166.04,3.53,15
702,1242,2675,1170417.9,4.88,20
703,2027,2308,141561.22,6.5,15
704,2280,1191,1061058.83,2.77,15
705,12,2084,1114817.05,3.59,30
706,1748,1435,1082796.69,4.55,15
707,2335,1075,203737.1,6.24,30
708,1188,2800,986854.37,5.73,30
709,877,2843,1297018.44,6.24,15
710,193,1892,891652.36,3.2,20
711,2900,2492,768267.7,3.16,20
712,1936,2985,1025206.41,3.78,15
713,716,1378,498848.12,6.08,15
714,2712,642,266087.66,3.24,20
715,692,1528,684397.63,3.64,30
716,1499,1290,1032199.13,3.49,15
717,1856,2362,813763.81,3.03,20
718,1753,1923,610426.32,3.09,30
719,1537,1810,1149079.03,4.58,30
720,45,1818,65447.1,2.82,15
721,2227,19,1301033.22,3.22,20
722,2546,1225,238708.01,5.28,15
723,1881,855,926977.3,3.04,30
724,2966,457,1383168.27,3.6,15
725,891,1639,310480.55,5.04,20
726,1244,1028,1037449.07,5.37,30
727,328,2505,1140344.46,3.83,30
728,1331,2141,478942.87,3.7,30
729,1112,2338,961260.28,3.01,15
730,1344,2921,968443.47,5.34,15
731,2431,959,1179652.85,6.11,15
732,2717,1998,529563.55,6.01,30
733,2600,1664,834973.48,4.99,30
734,190,1435,1221962.84,4.07,15
735,1944,25,1067597.1,5.68,20
736,938,1382,1515002.1,2.92,20
737,2484,785,825249.49,3.14,15
738,137,2217,1476279.09,3.55,20
739,824,2642,1197984.6,6.04,20
740,2795,2424,260871.72,2.92,15
741,1728,1376,278577.97,4.64,30
742,2480,1993,711892.62,3.84,20
743,797,1937,1458273.42,5.17,30
744,2096,334,88393.21,4.18,30
745,177,2556,673960.25,2.81,30
746,2250,2079,1219516.13,3.64,20
747,2889,1945,1020028.28,3.22,20
748,2624,1854,1071082.44,5.56,20
749,1303,1890,108995.37,4.41,30
750,1893,96,1024291.16,4.58,30
751,1401,1390,973492.89,4.53,15
752,1279,2214,962755.89,5.95,20
753,2946,949,1627409.9,5.91,30
754,1496,1263,383260.36,6.34,30
755,1318,1745,681386.38,4.39,15
756,346,2632,982393.75,6.28,20
757,663,1597,458976.65,5.53,30
758,2203,333,153017.7,5.79,15
759,1846,2408,608455.9,2.68,20
760,1044,1631,877423.07,2.91,30
761,1137,2922,151601.81,2.66,30
762,1646,2600,1291934.72,5.62,15
763,978,1986,1267138.19,5.28,30
764,863,2111,744176.12,5.4,15
765,929,2679,261446.67,4.83,30
766,634,1465,1499556.16,4.54,30
767,2809,675,1496742.17,6.24,30
768,713,33,1571957.59,5.73,20
769,1781,1319,586117.58,4.5,20
770,2859,360,928084.81,2.59,15
771,2200,338,177662.02,2.58,15
772,1713,1636,1391528.79,2.86,30
773,54,2082,93776.22,5.8,20
774,1264,2843,1511691.31,5.32,15
775,1604,589,937428.63,5.28,20
776,1416,15,168074.23,5.43,20
777,663,1452,1132459.22,2.84,15
778,2351,477,879689.59,3.31,15
779,1870,1343,1551515.72,6.42,15
780,1971,300,998137.2,4.36,20
781,1616,477,885057.41,3.65,30
782,778,871,805559.0,2.94,30
783,199,1944,1334780.3,2.68,20
784,1889,1203,529757.07,2.58,15
785,1213,2291,279277.35,3.56,15
786,1997,1325,815547.87,4.69,15
787,390,541,844256.98,3.39,20
788,2796,927,485895.82,4.49,15
789,423,2008,999151.79,5.05,30
790,907,1854,840103.87,3.69,20
791,1148,2299,431478.97,4.13,20
792,2164,2807,791510.77,3.25,15
793,2497,2942,835314.79,5.99,15
794,2654,536,322761.56,4.07,15
795,2154,1188,517988.3,6.26,20
796,883,1474,251698.82,3.92,30
797,69,279,1015974.04,5.13,30
798,2322,332,673568.12,5.21,30
799,2416,1426,60408.9,3.27,20
800,2363,1497,64922.1,2.53,30
801,1588,1495,272221.48,5.42,15
802,1380,2555,605622.52,6.38,20
803,2777,2714,969495.31,2.9,20
804,606,289,256275.41,2.65,15
805,2066,2234,326781.83,2.51,20
806,299,1012,1075692.88,5.04,15
807,1180,539,955936.36,6.32,15
808,26,139,1288530.31,4.67,30
809,1932,1449,296533.88,2.66,15
810,2156,1165,1014729.37,3.75,15
811,1422,2776,784493.65,5.33,30
812,2119,1572,940321.93,3.23,30
813,226,2636,112078.69,3.57,15
814,1885,363,821587.4,6.35,20
815,2040,880,1023458.56,3.07,15
816,2859,2641,267236.76,4.79,15
817,1908,38,214313.66,3.5,30
818,2647,2018,914967.5,3.46,30
819,2985,770,362345.91,5.03,30
820,2732,2703,1501201.09,2.83,20
821,2604,569,238010.41,4.36,15
822,164,1255,78275.66,5.29,30
823,1830,1601,675632.03,6.0,15
824,1483,1405,1149080.75,3.13,30
825,1258,885,145137.42,3.12,20
826,661,523,285945.88,4.2,15
827,1246,2169,1025957.89,3.44,30
828,2786,561,299550.67,3.43,15
829,293,1066,1174293.85,4.14,20
830,1978,1489,90072.73,6.3,15
831,2172,231,329444.6,6.41,30
832,1209,349,1037038.11,5.28,15
833,869,2396,193871.32,5.88,15
834,2836,81,1093874.44,3.58,15
835,147,1490,290167.54,4.84,15
836,2380,2407,512244.53,3.47,20
837,169,2719,573312.92,4.14,15
838,225,2987,1030414.93,4.42,20
839,2064,1195,668491.28,4.07,20
840,2136,2748,1268970.53,3.15,15
841,1903,1802,1015239.26,3.91,20
842,1501,2840,465918.39,5.57,20
843,1277,580,395580.79,4.48,20
844,95,355,1428601.91,3.09,20
845,535,2900,1266619.26,4.26,30
846,1145,564,1662424.63,5.55,15
847,370,1739,522246.58,4.95,20
848,716,782,701043.68,2.91,20
849,2495,2243,935129.31,5.26,15
850,90,2995,108359.59,3.39,20
851,1870,2043,1061336.28,3.38,15
852,1039,208,649503.71,3.48,20
853,2914,874,335509.43,5.52,15
854,2009,1385,1279334.44,3.32,30
855,1913,820,872073.93,6.15,20
856,2664,1769,796200.97,5.99,30
857,1780,1312,1633376.66,3.92,15
858,1860,1766,1076954.07,3.7,30
859,1591,2548,184940.89,2.77,30
860,2609,2271,1295206.65,3.38,15
861,2623,1003,737517.64,5.51,20
862,2161,422,785585.67,5.18,30
863,2842,2632,968850.28,5.96,30
864,2147,2912,405605.48,4.63,20
865,469,2557,173040.93,3.75,20
866,1622,322,890459.2,5.37,20
867,1491,397,122713.77,6.22,30
868,2563,2233,441619.94,4.58,30
869,1562,428,738513.79,4.72,30
870,113,263,1002586.56,5.44,20
871,517,2428,692405.69,2.53,15
872,2987,763,571387.79,4.53,30
873,479,1459,1199974.34,3.17,20
874,763,247,683024.49,4.0,15
875,396,1654,140317.93,6.44,20
876,2499,44,1250485.53,3.49,15
877,1661,2260,543819.51,5.44,15
878,2477,1219,274907.74,2.83,30
879,6,2837,1246436.65,3.49,20
880,2893,432,927672.38,5.76,20
881,1010,517,481835.0,4.31,30
882,574,494,718014.6,3.46,15
883,831,1226,1290594.63,4.75,30
884,252,1330,415681.61,3.51,15
885,335,1814,436296.67,6.28,30
886,236,2647,736276.69,5.86,20
887,859,274,1069126.66,4.6,20
888,2992,1864,1020773.53,5.11,30
889,2202,2028,186177.56,5.9,20
890,82,2796,868165.31,6.19,20
891,2538,777,593964.15,2.93,15
892,609,1471,1151528.73,4.27,30
893,2377,2047,903511.51,5.79,15
894,1466,2668,911789.67,2.59,20
895,1140,2837,1173502.35,6.09,20
896,1042,1978,1036573.81,4.73,30
897,1576,2834,137122.04,4.85,15
898,1676,2246,949982.11,3.26,20
899,1365,959,1091696.33,3.63,30
900,35,1920,1114532.35,5.62,20
901,2179,1025,1157195.08,3.89,30
902,1135,1349,1029877.61,2.72,15
903,662,1817,113552.67,6.42,30
904,24,531,739938.9,6.43,20
905,1777,1987,321188.4,3.21,30
906,787,2977,386969.65,3.63,20
907,1438,504,235617.68,4.85,20
908,1803,2003,925111.65,3.07,30
909,32,2281,259179.41,4.16,30
910,1134,1210,1080275.02,5.4,15
911,80,2798,587989.3,3.52,20
912,1821,2978,474581.49,6.49,15
913,939,1885,408726.48,3.85,30
914,1058,2317,656742.16,3.0,20
915,2137,1718,727131.45,6.36,30
916,2663,794,64859.66,6.09,15
917,1379,108,495594.76,6.39,20
918,1827,1072,836419.47,5.06,15
919,789,943,1068376.58,4.47,15
920,900,1954,384905.63,3.86,20
921,2813,2918,309063.44,3.84,15
922,748,338,253089.48,6.05,30
923,657,2964,630837.54,2.63,20
924,51,2597,672194.69,5.15,20
925,545,194,533250.94,5.21,30
926,1961,2624,1186146.04,3.71,15
927,1471,135,712831.93,3.0,20
928,2717,2981,1295221.31,4.67,20
929,1547,1702,955657.9,5.06,15
930,1668,1388,988219.87,5.42,20
931,2525,291,521275.31,4.42,30
932,1316,2842,382503.74,3.38,30
933,1269,1204,499236.99,5.4,15
934,2852,662,625218.17,4.49,15
935,2014,1292,488150.54,5.99,15
936,2219,857,332160.98,5.09,30
937,2693,1614,1158545.35,6.3,20
938,941,999,105293.38,3.24,30
939,143,2471,805005.61,3.86,30
940,461,1553,590473.81,3.68,20
941,1870,24,160067.37,5.21,20
942,2732,2351,849232.04,6.2,30
943,1068,130,183684.59,4.21,30
944,1108,2024,659195.58,2.88,15
945,1737,1977,1007662.83,5.71,30
946,1121,2446,266639.3,4.33,15
947,1428,416,1120681.46,3.49,20
948,1693,673,489555.25,3.36,20
949,2731,2461,1078751.78,5.88,15
950,1371,2837,1480924.53,3.12,15
951,216,2433,573530.06,3.7,20
952,149,1402,386913.34,4.29,30
953,1492,2745,434941.1,2.84,20
954,2313,2246,947668.06,3.42,20
955,1058,400,1205525.75,4.44,30
956,1575,2382,810890.35,5.6,30
957,2405,614,735400.19,3.16,30
958,414,1173,1580307.39,3.39,20
959,874,1388,1040008.48,5.13,30
960,196,2127,511627.56,2.84,30
961,329,2875,607714.59,5.14,20
962,1834,2826,432962.37,5.8,20
963,2148,1790,1178067.54,6.17,15
964,538,14,864379.92,4.63,15
965,1655,2528,848659.08,5.85,30
966,2247,587,290590.31,4.91,30
967,337,2066,605883.53,4.37,15
968,2923,467,1231846.21,5.38,30
969,2758,1894,1162876.97,5.77,20
970,1114,317,91239.21,4.83,30
971,2389,1226,1398153.26,5.29,30
972,2593,1305,671044.02,2.99,15
973,1971,1183,1289313.23,2.82,15
974,582,1819,989023.29,3.69,15
975,688,682,1505078.21,3.82,30
976,2318,2636,134039.98,3.37,20
977,123,2293,1039403.62,5.47,20
978,1856,2800,957043.79,6.13,30
979,2321,478,275343.82,3.75,30
980,735,1046,351541.74,5.84,15
981,618,2221,815084.39,3.54,30
982,2333,2355,659804.06,6.32,20
983,732,1640,752443.23,3.41,30
984,1372,216,1209042.35,2.53,20
985,1792,1812,927562.63,3.57,30
986,530,2369,617499.22,5.25,30
987,76,873,1362990.53,5.18,20
988,1110,614,851364.87,4.61,15
989,1475,2329,1431925.25,3.62,30
990,2060,1988,669277.95,4.99,15
991,2203,2942,953143.39,3.63,30
992,2843,1157,301034.3,3.2,15
993,975,1154,746576.73,2.64,30
994,2635,837,1513334.02,2.67,20
995,599,1900,124758.73,3.84,20
996,1108,2917,586222.11,3.34,15
997,455,1007,437373.79,6.45,30
998,1943,237,419586.86,4.38,20
999,663,2542,565329.46,4.49,20
1000,1239,2064,1102185.3,2.68,15
1001,2330,1764,220741.01,2.97,20
1002,2349,2499,795677.53,3.48,30
1003,2582,1444,955356.63,2.68,20
1004,1732,2061,929855.43,6.17,20
1005,1862,1801,1133085.45,3.83,30
1006,562,1258,316484.87,5.56,15
1007,2512,857,324600.66,5.07,15
1008,2507,2338,1130411.85,3.0,30
1009,89,1016,92551.47,6.2,30
1010,1627,458,1523834.63,5.39,30
1011,1169,543,485231.74,5.86,30
1012,776,1610,738078.84,4.3,30
1013,36,2763,344042.07,2.82,15
1014,2253,1775,182399.49,6.02,15
1015,1869,1167,845118.88,5.63,30
1016,601,162,676401.51,4.16,20
1017,1338,1548,1261414.69,4.06,30
1018,1579,860,94261.41,6.4,30
1019,2734,465,1147530.2,4.98,30
1020,576,721,801974.75,2.73,20
1021,750,397,123511.57,4.47,30
1022,2338,2249,1000477.78,6.11,20
1023,2633,2201,927677.54,6.25,30
1024,881,2042,1044157.91,6.16,15
1025,715,950,1038328.46,5.59,30
1026,2331,892,79897.65,5.02,30
1027,1422,2446,185076.41,3.21,15
1028,2416,2786,99181.55,4.98,15
1029,279,960,801011.29,2.56,20
1030,1316,1943,410409.12,5.35,30
1031,2263,1319,544094.57,5.4,20
1032,2892,1216,246958.79,2.81,15
1033,926,2474,808422.27,3.04,20
1034,2375,1731,829305.24,4.99,30
1035,606,1773,211933.15,2.85,30
1036,57,2817,240102.09,5.24,15
1037,2303,810,425036.62,6.17,30
1038,1868,814,779594.66,4.12,20
1039,2947,256,965607.79,5.19,15
1040,2482,1182,1694198.31,6.06,20
1041,358,2743,1485015.15,4.64,30
1042,456,2643,113151.81,4.09,30
1043,2468,1182,1562809.38,3.1,30
1044,756,673,508504.7,2.75,30
1045,2009,2067,1538901.35,6.15,20
1046,2924,2772,482436.06,4.82,30
1047,2661,603,837700.53,6.13,15
1048,2785,2292,1118346.86,4.57,15
1049,30,1970,669127.72,3.09,15
1050,2679,2756,1656947.31,4.49,30
1051,1802,2126,545903.99,2.64,30
1052,1266,1096,563117.17,4.54,30
1053,834,1258,333836.87,3.58,15
1054,1390,1017,583656.39,3.05,30
1055,1230,378,934231.73,4.5,30
1056,1077,1948,1157066.66,2.67,15
1057,2392,535,889125.8,5.06,15
1058,227,2470,1027591.69,4.26,15
1059,2447,384,468962.93,5.06,30
1060,2428,1822,627223.47,5.32,15
1061,983,1271,577922.54,2.61,30
1062,625,1233,450879.05,2.68,30
1063,2814,1598,1000914.95,2.72,20
1064,646,1736,200511.88,3.67,15
1065,2246,1920,1099815.03,4.37,20
1066,2757,2212,549910.54,2.85,20
1067,1752,2596,912745.86,5.31,30
1068,1709,514,1211376.8,2.58,15
1069,2404,2017,1130177.54,5.34,30
1070,361,238,1139159.94,5.25,20
1071,260,193,132626.13,4.61,15
1072,1410,2427,1497501.46,3.35,20
1073,1412,397,127063.92,4.15,15
1074,1332,487,187694.66,3.11,30
1075,2105,108,677337.32,3.74,20
1076,101,1494,608528.36,4.76,20
1077,177,2073,895185.8,5.07,30
1078,1369,2696,132233.49,4.4,15
1079,1062,516,404106.19,5.54,20
1080,863,90,1152070.06,5.82,30
1081,2225,1808,313943.3,3.01,15
1082,660,678,1270867.85,4.59,20
1083,1211,474,623604.1,5.21,20
1084,2261,2672,490700.98,3.2,15
1085,245,884,250209.76,4.41,15
1086,582,978,980588.43,3.77,15
1087,813,1355,755380.42,5.94,20
1088,713,1919,593194.32,2.83,20
1089,1939,219,936751.44,6.26,30
1090,827,686,1442390.57,4.07,15
1091,1081,393,771750.52,3.75,20
1092,1146,901,469859.9,3.72,15
1093,2930,2654,915334.57,4.79,20
1094,1418,2722,670415.93,5.42,30
1095,1724,2565,135442.3,3.43,15
1096,232,1116,1431541.87,3.37,15
1097,2730,2725,1250388.55,5.31,30
1098,334,2052,863820.52,5.15,20
1099,968,1406,661352.69,5.99,15
1100,2468,623,937792.25,5.85,30
1101,137,2444,762421.04,3.6,15
1102,2333,2682,1158799.57,3.51,15
1103,1816,803,597749.62,2.77,30
1104,839,2856,822870.97,5.46,20
1105,1378,1651,635848.83,3.86,30
1106,243,641,1205644.35,2.54,30
1107,74,1533,332571.56,5.33,20
1108,2762,2767,144849.6,5.28,20
1109,2434,1514,702569.61,5.93,30
1110,1147,1623,524024.73,4.68,30
1111,1515,2434,807997.17,4.24,30
1112,686,183,326485.54,3.56,30
1113,1858,2416,132368.4,6.22,20
1114,75,23,1366288.11,4.28,15
1115,2816,2671,455539.24,2.74,30
1116,128,2301,1392010.99,5.43,15
1117,1808,990,1039422.06,4.93,30
1118,1763,832,93880.29,3.97,15
1119,2665,988,475804.95,5.64,20
1120,828,417,1130499.73,3.81,30
1121,1539,410,203960.08,6.24,15
1122,1047,95,534631.6,5.06,15
1123,135,552,1325182.98,3.29,30
1124,1369,2211,470143.14,3.41,15
1125,2618,185,112531.13,4.74,30
1126,1096,53,1212221.17,4.62,20
1127,1524,2643,135703.02,5.31,30
1128,1070,559,545824.7,3.89,30
1129,2299,2760,334408.91,5.84,20
1130,1274,743,426284.85,3.71,15
1131,2182,2905,1478802.31,2.79,30
1132,953,2906,1326622.6,3.64,20
1133,2663,2423,1075353.0,4.44,30
1134,1705,2508,425095.04,5.75,15
1135,2530,2752,1523177.57,3.1,20
1136,1511,330,1094288.89,5.7,30
1137,2663,1906,1184692.53,3.5,20
1138,2934,774,1304308.54,3.42,20
1139,898,1025,1112292.51,4.72,20
1140,2323,2304,145357.63,5.82,30
1141,1594,2116,837025.15,3.66,15
1142,2757,2018,1241702.18,3.33,20
1143,2584,47,768784.15,2.58,15
1144,208,2233,438217.57,5.25,15
1145,910,2488,765334.98,2.96,20
1146,52,2014,1047500.41,6.4,20
1147,2202,1790,901387.62,5.91,15
1148,1034,2073,897165.4,5.44,20
1149,960,244,171538.88,3.7,20
1150,2598,1962,110560.33,6.07,15
1151,2109,606,1198852.03,4.72,30
1152,2602,2185,284944.42,6.2,15
1153,955,1873,854157.02,4.82,20
1154,2803,2112,267478.86,5.59,20
1155,925,588,1454188.96,2.99,20
1156,915,1429,170627.99,3.07,20
1157,1781,2129,341778.37,3.36,30
1158,2926,2225,332728.24,2.71,15
1159,817,2152,636567.65,3.12,15
1160,1973,249,838278.61,3.55,15
1161,1954,2845,654230.68,3.14,20
1162,1405,2252,1129314.92,3.22,20
1163,2293,207,311306.44,5.38,15
1164,495,120,831713.68,4.52,30
1165,1145,2953,147455.03,2.6,20
1166,2793,381,235696.57,5.14,30
1167,2910,721,897356.56,4.45,20
1168,2369,189,725798.16,3.54,20
1169,2038,374,209161.96,6.28,30
1170,271,2958,298677.19,5.97,20
1171,157,1665,949201.64,2.79,20
1172,1676,389,644372.03,3.9,20
1173,775,2965,246135.67,2.74,20
1174,1320,1422,1002893.34,5.5,20
1175,783,1192,1065972.83,2.98,20
1176,470,2649,998469.63,6.41,30
1177,454,2287,730059.76,4.3,20
1178,2313,554,908890.54,5.15,15
1179,2536,1757,810598.66,3.05,30
1180,1498,2879,138662.48,3.54,30
1181,1,2100,432249.1,6.18,20
1182,1140,1299,99179.51,3.6,20
1183,1430,2382,786684.79,4.92,20
1184,73,1999,421599.63,3.26,15
1185,1946,2825,756154.38,4.16,15
1186,1531,945,117838.61,3.22,20
1187,1615,1000,956752.41,2.74,15
1188,2490,1347,568465.49,5.72,20
1189,704,2209,1383324.63,4.07,15
1190,982,272,1025178.08,4.11,30
1191,1310,2037,191844.19,3.56,20
1192,2471,820,793902.17,4.46,20
1193,589,408,528019.77,4.58,20
1194,190,684,1391776.83,4.53,20
1195,1145,16,1194278.98,5.56,30
1196,2397,834,89710.46,6.28,30
1197,2819,1603,622536.67,5.72,30
1198,805,1491,139355.46,5.34,20
1199,1596,672,359266.1,5.47,20
1200,613,2888,1435612.78,3.03,20
1201,1862,333,178018.65,4.65,30
1202,648,1678,565674.61,2.75,15
1203,1766,268,610879.9,4.15,20
1204,897,764,859378.79,2.98,30
1205,2634,1875,598878.87,6.16,20
1206,2416,1135,340030.27,3.69,20
1207,1963,731,228084.79,3.62,15
1208,917,1813,713411.31,4.05,20
1209,2451,415,951423.66,3.05,20
1210,616,1120,794774.84,4.14,15
1211,1643,905,413421.03,6.45,30
1212,2174,709,1150487.61,3.36,30
1213,2276,2384,1218538.98,4.4,20
1214,838,2722,760730.75,5.96,15
1215,2549,759,497058.24,4.51,20
1216,2270,424,899920.14,3.07,30
1217,2350,2155,642012.39,3.38,30
1218,2754,480,1706409.54,3.91,30
1219,2611,2559,642960.66,3.7,20
1220,2144,1406,926249.89,2.51,30
1221,1205,1837,366604.1,3.54,30
1222,2427,671,1313775.77,5.91,20
1223,2667,407,1005687.42,4.15,15
1224,2995,2877,504200.85,6.28,30
1225,1823,2349,1079853.27,3.03,20
1226,2211,1570,1265346.07,5.73,20
1227,3000,2007,814478.77,4.21,30
1228,1537,1580,1139078.62,3.99,20
1229,978,1651,460775.5,5.66,20
1230,1480,1507,374768.9,2.54,30
1231,1130,468,1362113.28,6.31,15
1232,2051,2350,343301.09,2.77,20
1233,612,2229,1135271.95,2.52,30
1234,1922,2447,76679.4,4.49,30
1235,2379,2690,1128986.34,5.4,30
1236,1647,507,1369479.2,3.2,20
1237,2893,282,202535.57,3.54,15
1238,2263,2625,260169.26,6.06,30
1239,108,593,1040067.14,6.36,30
1240,1233,1205,72989.55,4.23,30
1241,1693,1335,1080983.71,5.3,20
1242,2301,1774,930280.59,6.47,20
1243,1454,2040,1093669.05,3.69,15
1244,2231,2171,446063.73,5.52,15
1245,810,2759,897670.63,3.56,30
1246,2368,2916,950944.67,5.6,30
1247,319,1865,506881.47,3.52,30
1248,1497,1835,1267641.73,6.03,15
1249,1820,859,529575.05,4.77,20
1250,227,2782,783127.65,6.06,20
1251,106,2960,162023.41,3.79,20
1252,633,197,594563.26,3.03,20
1253,1591,2818,137807.24,3.07,20
1254,1882,2937,561816.24,3.5,20
1255,454,2053,819816.63,6.25,30
1256,1759,1679,1117423.08,4.46,30
1257,469,2975,1282222.66,2.61,15
1258,1835,2331,993622.14,4.11,30
1259,191,215,313143.78,2.55,30
1260,1024,2822,382018.06,3.73,15
1261,890,2096,363997.85,3.49,20
1262,741,578,194951.29,3.74,15
1263,1065,1378,506020.2,4.11,30
1264,2563,445,126216.73,6.03,15
1265,694,1479,536998.54,5.75,15
1266,2364,1035,81514.05,6.04,30
1267,1650,1366,1331149.96,3.14,30
1268,1283,400,1274546.89,4.06,20
1269,2935,2513,496423.65,4.19,30
1270,1326,107,1345355.59,5.12,15
1271,1670,605,1300147.99,4.96,20
1272,1519,2771,1421762.68,3.11,30
1273,2719,2975,954404.03,6.1,20
1274,2837,805,1398747.06,4.12,20
1275,969,727,1183153.85,6.29,30
1276,2366,2548,163725.42,2.66,30
1277,2388,88,348781.52,4.8,30
1278,2242,466,804538.87,3.01,20
1279,293,246,595113.57,4.81,20
1280,394,2691,190171.13,5.14,20
1281,1737,2214,1019662.23,2.72,20
1282,2910,2182,249119.36,4.37,20
1283,2208,106,810372.74,2.9,30
1284,1887,1983,1145531.31,2.65,15
1285,2750,2218,1493491.39,3.83,30
1286,2837,2077,818905.44,4.99,15
1287,2991,1031,855569.29,6.46,30
1288,1850,2628,184999.18,3.42,30
1289,1895,2999,1287001.67,4.47,15
1290,2105,14,1008467.29,3.51,15
1291,1050,2735,244686.83,3.27,30
1292,2841,1712,145840.28,5.08,30
1293,1280,2604,154397.25,5.64,20
1294,547,841,995730.6,6.23,15
1295,2853,2798,561862.72,4.05,30
1296,1537,713,1334542.85,5.28,15
1297,1064,2302,90643.67,2.77,15
1298,1223,685,1357862.19,2.75,20
1299,1794,2641,252960.31,4.37,20
1300,899,693,345370.21,2.84,30
1301,1026,447,171517.12,4.18,20
1302,778,354,179972.02,3.4,15
1303,2988,2381,599334.17,6.32,20
1304,1941,2850,1239170.17,6.46,20
1305,1122,199,1131147.67,5.05,15
1306,2900,154,688692.5,3.83,20
1307,2133,1110,239215.76,4.3,20
1308,862,1111,254616.56,4.76,20
1309,1351,1077,909096.38,6.46,15
1310,1573,795,378222.03,2.52,30
1311,422,1311,1745978.47,6.14,30
1312,2625,2371,794843.45,4.95,15
1313,184,2419,388278.17,2.8,15
1314,848,1904,814454.26,5.17,30
1315,171,888,1101558.66,4.56,15
1316,2033,674,1410969.52,3.28,20
1317,572,2064,1086526.79,5.59,20
1318,506,567,1006261.0,5.81,30
1319,1809,2761,758344.87,3.08,30
1320,1376,1365,810848.85,4.5,30
1321,992,490,614744.45,6.0,30
1322,633,1937,1414736.64,3.28,30
1323,2937,1213,1246253.84,4.26,20
1324,1482,2945,998264.81,6.16,15
1325,546,2171,575594.67,6.47,20
1326,2483,1428,427498.24,5.64,15
1327,512,432,929244.47,5.79,20
1328,869,324,303647.01,2.94,20
1329,1601,1934,1502983.87,5.24,30
1330,1818,429,112910.19,2.79,15
1331,2489,604,897601.91,5.24,30
1332,275,36,1235307.31,5.9,30
1333,2580,2746,162773.82,3.22,20
1334,2540,1640,629016.76,5.84,20
1335,1456,177,1441087.31,3.79,20
1336,2215,2121,638715.15,4.9,30
1337,2845,180,1137364.53,2.7,15
1338,2374,2248,1064517.2,4.61,30
1339,2370,2368,421365.1,5.06,30
1340,1248,1147,441884.85,4.08,15
1341,1590,2375,358945.88,2.64,30
1342,1499,2442,987474.16,3.88,30
1343,544,432,1358490.2,4.61,30
1344,76,768,531547.36,5.68,20
1345,1905,2043,950666.88,4.63,30
1346,371,1351,278925.43,3.15,30
1347,903,847,589062.21,4.05,20
1348,1839,249,850415.38,4.76,30
1349,560,1448,867677.47,3.73,30
1350,591,2852,90806.52,5.03,15
1351,588,1531,61550.41,3.49,30
1352,1465,2131,139557.58,4.54,20
1353,2642,2827,78536.25,5.53,20
1354,708,1992,1192345.81,3.05,15
1355,2752,460,635442.7,5.86,20
1356,1234,2669,534731.31,5.09,30
1357,1436,64,1099988.44,3.69,20
1358,2860,300,680827.5,5.27,20
1359,2188,384,671769.43,4.48,15
1360,1975,1985,669248.78,5.88,20
1361,949,61,1576174.57,5.04,20
1362,391,2890,909139.41,6.3,20
1363,43,1831,771493.63,4.47,15
1364,1261,163,1304869.01,3.21,30
1365,1223,38,172753.26,6.2,15
1366,649,309,1326327.68,3.87,20
1367,2899,2622,127977.58,3.32,30
1368,1272,820,795268.87,3.6,20
1369,134,348,763626.28,2.56,15
1370,340,654,397306.48,4.24,20
1371,1753,1873,785155.73,4.03,20
1372,2500,2055,1030774.12,3.3,15
1373,845,618,397883.06,3.63,30
1374,388,1665,1107101.93,3.92,15
1375,2386,2371,991680.91,2.51,30
1376,1934,137,124936.54,3.72,15
1377,2111,1924,359329.37,2.73,30
1378,2890,671,1258367.18,5.79,30
1379,531,1092,378036.2,4.35,15
1380,366,1249,902194.69,5.63,20
1381,646,1368,78824.41,4.53,30
1382,720,974,787228.58,3.56,15
1383,2557,1684,1574761.95,4.23,30
1384,2960,1250,149064.31,5.19,30
1385,2010,873,1730977.58,3.5,15
1386,1048,2423,995856.06,3.16,15
1387,2660,356,391801.76,3.05,15
1388,1612,295,462997.02,5.24,30
1389,1183,1656,312935.06,4.08,15
1390,1835,1034,1510503.4,2.61,20
1391,2955,2877,408563.54,3.93,30
1392,688,1567,734208.15,5.92,20
1393,2388,389,634943.85,6.37,30
1394,2140,2766,1427333.37,3.12,20
1395,2296,193,106465.44,5.96,15
1396,342,2456,171454.0,4.4,15
1397,1228,1217,565726.88,3.09,15
1398,1183,600,1209756.18,4.17,20
1399,635,1731,624649.07,4.08,20
1400,1655,1217,617394.03,6.01,15
1401,1797,657,706835.24,6.1,20
1402,2825,42,328400.81,3.93,30
1403,893,294,798692.44,4.97,20
1404,2167,860,97078.9,4.41,20
1405,2957,2471,1075876.67,4.47,30
1406,1973,760,1344237.54,5.48,20
1407,692,1978,1233309.4,5.63,15
1408,722,2207,1163051.94,5.06,15
1409,548,2068,846324.53,6.4,15
1410,1146,2925,1527016.47,5.97,30
1411,1891,1837,365571.9,4.9,20
1412,2699,2069,783665.81,3.75,15
1413,1668,2896,345868.78,3.21,20
1414,1422,1646,1540407.04,5.39,20
1415,151,2290,1369093.8,5.83,15
1416,587,1326,1121904.49,6.25,30
1417,1091,2133,975111.09,4.01,15
1418,1131,1885,284164.57,6.26,20
1419,1605,2522,246718.18,5.92,30
1420,2194,1718,834568.01,2.78,15
1421,105,1378,431338.45,3.92,15
1422,2058,108,619253.23,4.5,20
1423,1903,1981,351350.7,4.18,30
1424,1538,568,649262.14,6.04,15
1425,2718,981,337985.39,3.0,15
1426,1639,1521,826216.23,5.19,15
1427,854,1935,267772.62,3.82,20
1428,2825,564,1708445.35,3.81,15
1429,1497,2662,857465.12,3.15,15
1430,1276,1473,675003.31,4.76,20
1431,898,2900,1342107.28,5.86,20
1432,566,1189,107750.09,2.69,15
1433,235,1137,815852.35,5.66,30
1434,90,1635,203494.46,5.56,15
1435,1530,2279,1389976.57,4.81,30
1436,641,2627,102616.43,4.82,30
1437,2064,350,1047976.55,4.61,30
1438,1009,668,648464.66,4.0,20
1439,230,691,343953.04,4.15,30
1440,1600,1649,1031049.04,5.77,15
1441,2208,2496,936276.01,5.3,30
1442,384,1054,739539.13,4.92,20
1443,1780,2692,1311285.41,5.91,30
1444,1976,2261,1095964.26,5.56,20
1445,1058,2768,1183865.3,5.29,20
1446,356,283,797636.07,4.73,15
1447,1548,1592,548460.6,5.89,20
1448,1167,2418,1162163.62,4.37,20
1449,937,215,320885.02,5.07,20
1450,1908,2242,1239301.66,3.57,20
1451,1621,1779,177334.3,5.97,15
1452,1348,1435,1154611.61,5.08,20
1453,14,2443,1607039.75,3.73,15
1454,1516,1798,1106611.7,5.9,20
1455,113,2999,1384997.85,4.38,30
1456,646,2770,1457121.23,4.02,15
1457,1165,2574,789995.71,2.57,20
1458,2217,2947,618186.34,4.33,20
1459,2993,2919,1268257.45,6.28,20
1460,829,52,158287.29,4.85,30
1461,1751,2560,1299651.52,4.84,20
1462,1528,625,463797.04,3.67,20
1463,2673,1604,928339.8,4.83,30
1464,2237,2194,242789.68,5.71,20
1465,2303,1212,1149710.57,5.87,30
1466,2284,93,775200.37,6.03,20
1467,436,1244,322673.87,6.06,20
1468,1423,2957,504708.5,4.32,30
1469,269,1403,1159640.63,5.37,30
1470,2440,1921,417670.65,4.62,20
1471,1739,344,1105782.4,2.59,30
1472,929,661,864751.72,5.99,20
1473,884,2437,1342415.99,4.08,30
1474,2538,1164,1321677.08,4.5,30
1475,1847,1611,882658.71,5.22,20
1476,1502,2390,80498.98,3.68,20
1477,448,2185,310779.43,2.82,20
1478,1460,930,866810.45,4.82,15
1479,2596,2353,786725.74,4.97,30
1480,1410,465,1084246.22,4.44,20
1481,894,1160,1174695.32,2.73,15
1482,625,483,937218.3,2.91,20
1483,748,1775,205414.22,4.98,20
1484,1968,666,771485.37,4.32,30
1485,2854,979,291025.72,5.74,15
1486,1554,852,1470444.73,3.3,30
1487,1692,2117,546026.59,3.27,30
1488,2049,293,1553722.43,6.05,15
1489,1764,1937,1439070.03,4.96,15
1490,1729,1879,1158212.91,3.98,20
1491,2396,354,218061.28,5.4,20
1492,61,299,1215373.71,5.81,30
1493,866,2767,155598.75,5.49,20
1494,2809,1462,109490.32,6.01,20
1495,1130,1584,1045411.41,5.24,20
1496,173,5,705336.04,5.28,20
1497,1423,680,1121131.87,6.12,15
1498,130,1067,1324084.81,4.38,30
1499,2086,1639,380269.93,5.7,30
1500,747,615,302757.1,3.0,30
1501,215,76,984785.05,6.21,20
1502,2954,2781,309386.87,4.41,20
1503,1253,2629,303236.04,3.59,30
1504,231,340,834996.81,6.26,15
1505,1169,590,950819.74,4.01,30
1506,2251,1914,1266141.94,3.19,20
1507,113,1150,526121.85,4.22,30
1508,1936,2630,801878.81,6.34,30
1509,2747,2286,103070.65,4.46,20
1510,581,510,537760.61,4.24,15
1511,602,964,952837.96,4.06,20
1512,2079,926,581490.17,4.09,20
1513,2474,2496,891419.26,5.49,30
1514,2590,2957,378029.27,5.18,20
1515,2236,2801,150898.24,3.4,20
1516,2878,671,1101204.99,6.34,15
1517,2225,1541,551176.42,5.24,15
1518,412,974,1050608.92,5.34,20
1519,101,2339,824485.93,5.82,30
1520,2350,1066,1007660.91,3.28,20
1521,2170,2241,232940.59,3.56,15
1522,2754,2288,553933.15,5.29,20
1523,64,1919,658981.03,5.93,15
1524,1273,1277,1147809.69,2.95,20
1525,1512,1543,144325.32,4.04,30
1526,1632,762,1001486.61,3.18,15
1527,2391,740,733583.55,2.54,30
1528,2406,1980,138521.89,2.83,15
1529,552,420,77234.93,5.9,30
1530,2894,19,1611531.74,4.34,20
1531,2740,1950,331811.51,5.99,20
1532,2699,311,230194.32,4.98,30
1533,2193,877,1538770.54,2.75,15
1534,1109,1400,735041.77,2.85,30
1535,1926,765,1381747.66,2.83,15
1536,41,1111,263697.79,6.44,15
1537,2300,1498,1388568.53,5.59,15
1538,1959,931,202785.87,5.56,20
1539,1613,1439,1085065.1,4.47,15
1540,761,1125,1234083.83,4.54,20
1541,2981,97,103016.96,6.34,30
1542,1279,512,816125.82,6.26,30
1543,1450,2380,1400296.74,5.01,15
1544,654,743,457398.0,3.21,20
1545,1044,1080,558899.13,5.47,20
1546,352,1416,539342.21,3.21,15
1547,550,216,1384098.45,4.46,20
1548,2872,2766,1181211.7,4.66,15
1549,2260,771,279668.97,4.74,20
1550,1383,2821,190823.8,3.68,15
1551,305,469,276826.2,3.18,20
1552,1547,249,1007848.12,2.81,15
1553,228,2160,565480.05,4.71,15
1554,1851,2103,1173100.33,4.48,15
1555,819,1394,751176.36,4.57,20
1556,1812,804,413520.41,3.56,15
1557,2831,1467,1424962.27,5.49,20
1558,1491,2330,1012748.13,4.82,20
1559,1959,106,922566.0,3.25,20
1560,2680,2357,648779.41,2.51,20
1561,2902,1764,268797.28,6.31,30
1562,2204,295,532839.96,6.05,15
1563,2984,1793,137542.01,2.84,15
1564,1967,210,1096573.28,4.22,15
1565,1569,2004,358562.46,6.14,20
1566,741,2038,1091041.96,3.08,20
1567,325,156,1178797.07,4.17,15
1568,68,2190,965266.52,4.7,15
1569,77,2371,778001.33,5.34,30
1570,501,2365,374310.15,5.73,20
1571,273,1350,951198.25,3.49,15
1572,2775,281,715359.54,4.56,15
1573,942,220,254391.18,3.42,15
1574,2409,1896,739567.82,4.66,20
1575,736,2168,602477.19,4.35,15
1576,168,1240,372849.64,3.43,20
1577,2747,1635,192844.45,2.59,30
1578,29,58,199424.88,4.44,30
1579,1880,2526,100372.45,3.13,20
1580,1871,142,199651.0,4.35,20
1581,612,1529,751710.1,6.37,30
1582,2531,269,200018.59,4.59,20
1583,279,925,800258.93,5.36,30
1584,2657,1070,934601.08,5.19,20
1585,2862,498,696473.31,3.93,20
1586,699,2749,106491.2,3.54,15
1587,718,1528,819704.57,5.11,20
1588,1358,261,756614.44,4.6,15
1589,2595,424,802084.25,6.49,30
1590,2722,1856,819629.96,3.8,15
1591,1391,2466,1617274.42,5.64,30
1592,2439,1776,840657.16,5.8,30
1593,46,2291,263470.39,5.22,20
1594,1028,2046,1530521.42,6.39,20
1595,968,2095,1122179.79,4.69,30
1596,1843,1782,1000478.15,3.97,15
1597,1128,1932,841688.38,5.73,30
1598,459,48,1651398.89,5.15,15
1599,1750,620,726329.41,4.93,30
1600,1968,1047,1013396.83,3.64,30
1601,826,369,418406.81,5.27,30
1602,1413,2777,422949.3,4.05,30
1603,471,2922,135455.41,4.47,30
1604,1110,1140,1289764.83,4.9,20
1605,1183,2359,626524.36,3.45,15
1606,1559,2846,852597.77,2.76,30
1607,57,470,89864.23,3.59,30
1608,1202,672,381075.06,3.15,20
1609,1901,489,773113.12,2.75,30
1610,2666,1215,257492.78,4.45,15
1611,2817,2376,1011858.48,4.62,20
1612,789,1394,855718.53,4.76,15
1613,664,2974,1115045.22,3.33,30
1614,2468,2963,1294013.63,3.95,15
1615,966,782,622040.05,6.11,20
1616,2448,1527,739921.26,3.29,15
1617,752,1130,772333.36,3.38,20
1618,506,1714,986765.13,4.71,15
1619,2691,2035,75608.17,4.39,15
1620,220,1262,1143785.5,4.75,20
1621,495,2057,1159354.42,5.22,15
1622,1907,456,793856.08,5.4,20
1623,1296,1705,716434.78,3.92,30
1624,893,2454,599105.59,3.15,20
1625,76,833,523499.79,4.45,30
1626,1645,1228,454727.82,5.27,20
1627,2,1712,127895.11,6.32,30
1628,2981,1229,775332.05,3.37,30
1629,774,1626,1019317.03,2.52,30
1630,2267,124,352824.39,5.09,30
1631,2005,717,474420.9,3.26,30
1632,2978,775,354026.74,6.18,15
1633,2846,120,932065.34,6.37,30
1634,2650,1399,582102.88,5.8,30
1635,832,2200,1015783.03,2.99,30
1636,196,313,1220807.23,4.22,30
1637,443,1000,1371217.69,5.57,20
1638,2774,1109,403957.01,5.26,30
1639,1363,2216,739457.42,6.36,30
1640,309,2098,729372.67,2.69,30
1641,2024,1999,388954.11,2.64,15
1642,2100,2167,892181.07,4.34,20
1643,262,1589,363901.48,3.16,30
1644,1282,1453,898102.66,6.19,15
1645,943,1731,726415.75,5.89,30
1646,21,753,1173215.84,3.09,30
1647,380,2040,1022275.61,5.13,15
1648,483,2287,771880.36,4.64,15
1649,1016,113,1642237.78,3.79,15
1650,636,1858,1170238.14,2.57,30
1651,2134,359,670358.96,6.49,30
1652,2355,1719,1156535.11,5.33,20
1653,576,997,1077369.9,3.37,30
1654,1047,1879,1407323.04,6.15,20
1655,1655,2111,745933.8,5.4,15
1656,1070,2635,365493.59,5.94,20
1657,1331,2073,838771.35,3.8,20
1658,843,1954,294361.35,3.38,15
1659,172,913,939275.68,3.59,15
1660,1562,2735,199211.97,6.03,15
1661,1166,2672,519863.16,3.49,30
1662,192,496,1233368.01,5.03,30
1663,366,2429,738913.78,5.51,15
1664,368,558,727579.63,3.04,20
1665,2719,2960,144175.19,4.64,30
1666,2690,1197,850096.9,4.05,20
1667,1711,2668,716355.27,2.68,15
1668,2588,1068,492407.49,3.44,30
1669,1945,800,1499874.85,4.32,20
1670,333,1046,327245.62,6.34,20
1671,1440,1077,1042686.54,3.16,15
1672,2790,2194,309006.72,3.7,20
1673,1586,146,637011.02,4.45,30
1674,6,2358,517006.79,6.17,30
1675,632,1559,648964.2,3.41,30
1676,403,1511,437387.78,2.89,20
1677,2549,1218,933841.93,3.74,30
1678,2480,1646,1213695.91,2.53,20
1679,1584,2307,130728.19,5.18,30
1680,1286,1548,1493721.3,6.12,20
1681,1894,1477,1117754.47,6.16,15
1682,658,1008,795621.16,2.68,15
1683,2858,1343,1108285.39,4.95,20
1684,104,2577,111709.68,2.6,20
1685,676,2432,431827.37,3.58,15
1686,403,606,1136752.32,4.34,15
1687,173,2426,280777.33,3.52,15
1688,101,2121,647244.54,3.69,15
1689,2758,2454,533866.9,3.94,20
1690,2980,2098,640264.76,3.66,30
1691,2930,981,456206.31,3.1,15
1692,2939,2879,161840.99,3.76,15
1693,2612,869,199109.76,2.77,20
1694,1911,1041,764797.25,4.56,30
1695,1474,856,113602.81,5.98,20
1696,668,1315,213854.94,5.97,20
1697,1326,2603,362646.6,4.78,15
1698,1290,1107,672106.99,3.67,20
1699,222,1184,1110595.83,4.47,20
1700,964,10,1422365.44,4.55,30
1701,1657,2993,767174.38,5.9,30
1702,487,1223,869078.27,3.12,30
1703,2828,205,1441257.44,5.21,30
1704,787,1017,653025.72,3.83,20
1705,2351,2798,451138.54,3.81,20
1706,69,2168,625926.52,5.97,15
1707,2347,1392,1242770.45,3.83,20
1708,28,2571,224979.67,5.33,30
1709,741,2471,923822.36,3.46,15
1710,1042,1942,581104.17,4.51,15
1711,2492,2265,1298273.15,5.94,30
1712,965,1282,542099.93,2.89,30
1713,972,1133,746675.47,2.62,20
1714,1485,1486,1062889.82,4.46,15
1715,510,1131,707798.0,6.18,20
1716,85,985,501279.0,4.21,15
1717,1560,2228,245711.83,2.64,15
1718,505,119,925098.01,3.69,30
1719,2129,169,774934.59,5.84,30
1720,1179,1594,91040.86,3.94,20
1721,2600,2375,288225.36,4.98,20
1722,1791,809,464769.77,3.0,20
1723,221,1532,348210.51,4.47,15
1724,2956,2356,968703.92,3.94,30
1725,1212,787,1119934.38,3.24,15
1726,791,331,930201.51,5.01,15
1727,303,2860,724312.98,2.8,15
1728,2275,510,547316.69,6.36,15
1729,889,2223,885958.12,3.26,30
1730,2246,107,1373731.85,6.29,30
1731,2046,2290,1468445.17,5.79,15
1732,2341,2832,475693.68,5.6,20
1733,45,2841,417188.17,5.95,20
1734,2087,2707,135716.08,6.22,15
1735,363,1776,852794.3,4.89,15
1736,923,2181,1108440.54,3.22,15
1737,1202,2484,923430.86,2.93,20
1738,224,1475,1051948.41,6.48,15
1739,1145,1543,176040.15,4.57,30
1740,1087,1960,280046.75,4.56,20
1741,1017,2428,653032.52,3.36,20
1742,729,1506,1218028.19,2.55,20
1743,951,2729,1491637.0,4.58,30
1744,1693,626,106123.45,2.64,15
1745,921,145,593205.09,2.95,30
1746,2492,556,928746.57,4.64,20
1747,248,453,1371478.06,4.53,20
1748,2825,1492,1270158.49,2.7,15
1749,2564,2228,231030.11,5.32,20
1750,2771,1544,1469322.95,2.87,15
1751,1582,1718,617017.12,3.72,20
1752,2026,1956,1657016.94,2.51,20
1753,2579,2864,1188333.81,2.56,15
1754,219,2588,911277.63,5.08,20
1755,1129,2532,712611.37,6.21,30
1756,2413,1953,525740.62,6.31,30
1757,2428,1471,1478887.16,3.56,20
1758,615,2014,1045016.49,3.36,20
1759,2001,2393,1687236.53,2.53,15
1760,1810,717,671533.39,4.14,20
1761,918,854,726684.35,6.32,15
1762,1260,2240,688157.68,2.8,15
1763,104,127,752387.3,3.17,15
1764,91,296,896825.75,4.3,20
1765,116,1594,133059.13,6.46,15
1766,1529,2744,577657.6,6.41,20
1767,2229,1935,242028.14,2.94,15
1768,2998,2061,918752.27,3.65,15
1769,1983,719,796269.99,4.45,30
1770,609,319,82331.68,4.99,15
1771,2701,1177,685720.73,4.39,30
1772,2308,2751,695198.94,4.23,15
1773,1789,288,965889.53,4.6,20
1774,2410,2738,1242540.38,5.01,30
1775,2455,2636,100163.01,3.11,15
1776,2827,2176,532367.22,3.01,30
1777,1264,355,1265859.24,5.08,20
1778,14,2419,444931.81,5.99,15
1779,802,189,730608.07,4.59,15
1780,909,2106,699492.57,3.6,15
1781,2427,2240,636135.9,3.12,15
1782,1197,2520,351713.46,5.16,20
1783,1254,1253,1464508.47,4.06,15
1784,2699,1207,943229.12,4.42,30
1785,1776,1386,187339.9,3.5,15
1786,60,289,377020.6,3.99,15
1787,2947,304,1387963.55,5.0,15
1788,1439,2396,183024.47,4.66,15
1789,672,801,700588.03,6.4,30
1790,2158,1687,1312939.9,4.53,30
1791,709,952,162702.94,6.25,15
1792,293,1010,1229905.59,3.81,15
1793,708,1322,1561568.27,4.8,20
1794,1482,1842,253860.27,2.82,20
1795,2236,2700,503302.92,5.77,15
1796,2678,879,895621.44,3.61,15
1797,1970,771,209255.84,2.9,15
1798,1137,740,825427.84,4.26,20
1799,1130,2903,857884.02,3.6,20
1800,2663,502,1740033.39,4.27,15
1801,2627,794,60044.1,4.13,30
1802,1075,2080,1157491.28,3.98,30
1803,371,1522,1594152.5,2.79,20
1804,1447,1376,358183.73,6.21,20
1805,595,2285,1077085.01,3.12,15
1806,1779,218,816056.96,4.42,15
1807,1246,1982,511697.91,3.14,15
1808,2766,515,1260783.38,6.44,30
1809,1164,1355,592642.37,2.9,20
1810,2893,1300,615247.82,3.63,20
1811,404,2242,1200798.5,5.63,20
1812,43,115,941381.87,5.41,30
1813,56,2723,850402.6,3.59,15
1814,78,1910,1283449.2,4.09,15
1815,2852,2513,502376.03,5.94,30
1816,1897,2421,1507925.52,4.87,20
1817,2360,2849,941605.56,2.9,30
1818,2047,91,404030.97,5.15,30
1819,1882,2128,487286.92,3.83,20
1820,2843,2395,558955.2,2.98,20
1821,276,1736,203455.78,4.23,15
1822,2767,2357,759709.0,4.22,20
1823,2240,2192,1241104.92,5.43,30
1824,729,95,406155.72,4.73,20
1825,598,2682,1022052.34,4.37,20
1826,248,271,472823.91,3.85,20
1827,2866,342,79164.44,6.26,20
1828,2107,2397,994607.16,2.86,30
1829,2266,2626,865067.52,4.02,20
1830,2192,2007,730396.36,4.55,15
1831,2292,1313,807243.37,3.51,20
1832,1685,1855,682822.43,5.14,30
1833,1560,2341,1022189.44,2.6,15
1834,385,823,793036.35,3.65,15
1835,2812,1577,1190580.92,4.95,30
1836,1568,2408,741260.9,4.35,15
1837,2602,2598,677666.8,3.91,15
1838,187,436,233460.7,6.42,20
1839,270,2563,1198971.6,5.43,30
1840,255,714,333475.86,5.54,30
1841,2516,2773,1235405.15,2.68,30
1842,473,1211,995801.69,4.07,15
1843,1127,11,68110.15,6.0,15
1844,1731,591,1669646.7,6.35,15
1845,1432,2326,1613158.45,5.34,15
1846,1812,1745,624968.32,5.93,30
1847,2316,2252,1388221.12,3.3,30
1848,1823,531,861249.25,3.04,15
1849,1772,1626,972387.44,6.38,30
1850,2653,62,362963.47,4.81,15
1851,68,986,538632.35,5.16,20
1852,1047,1534,176782.69,5.8,15
1853,2076,2881,189874.8,2.52,20
1854,2297,569,297013.61,4.57,20
1855,212,1140,1621383.43,5.26,20
1856,611,2392,1119953.89,4.28,30
1857,346,2394,1299129.4,4.22,15
1858,1852,2842,473248.5,5.62,15
1859,147,1104,310365.47,4.29,15
1860,683,2838,83336.94,6.25,30
1861,2910,692,892747.41,4.81,30
1862,2000,12,1298128.07,6.27,20
1863,1951,160,1456820.61,3.76,15
1864,1230,2811,288139.07,3.57,15
1865,358,182,1474185.08,3.01,30
1866,890,585,643656.56,6.08,20
1867,1933,2676,884280.24,5.77,15
1868,2412,756,245352.66,3.86,30
1869,1080,603,1024368.51,5.67,30
1870,882,442,833940.64,4.56,15
1871,2233,249,811084.01,3.61,15
1872,1872,429,117548.05,4.66,30
1873,2631,890,1524477.64,6.23,30
1874,1259,1415,748154.65,5.96,30
1875,541,2024,725261.11,5.24,30
1876,2231,2908,1250689.92,3.98,30
1877,397,2437,1372493.8,3.62,30
1878,2785,2873,1298927.49,4.17,20
1879,1058,2240,776225.28,3.18,15
1880,2201,1633,1448523.46,3.52,20
1881,35,1241,875476.1,6.34,15
1882,2854,2869,375233.42,3.67,20
1883,1483,2230,590025.47,5.7,15
1884,1669,1784,1358343.22,6.15,20
1885,1413,105,235018.5,4.23,15
1886,412,643,211488.49,3.58,15
1887,2272,431,158667.72,4.14,20
1888,1628,732,244938.52,2.59,20
1889,2501,2660,1227527.16,3.15,30
1890,742,379,496452.04,3.58,15
1891,2995,77,191919.24,4.02,15
1892,1278,278,352976.41,6.17,15
1893,1152,1053,288220.43,4.84,30
1894,1217,18,998051.18,5.69,30
1895,2876,1600,191550.3,6.3,20
1896,506,2900,1538630.02,3.19,20
1897,1876,564,1630823.38,5.2,15
1898,2150,2276,1274642.42,2.65,15
1899,1265,1095,631483.56,2.57,20
1900,1154,1180,911061.27,4.4,30
1901,2559,313,1279289.52,5.22,15
1902,1154,2861,263264.77,5.01,20
1903,593,375,527264.36,2.6,30
1904,2287,318,140385.09,6.36,30
1905,1559,1280,792364.48,5.8,15
1906,2026,235,575130.31,5.75,30
1907,1196,709,1283108.29,5.9,15
1908,2979,1086,458555.52,4.46,20
1909,2734,1218,1210246.77,4.78,15
1910,524,1289,298692.99,5.69,15
1911,1726,2967,1023841.67,2.7,15
1912,1148,2053,914731.84,5.32,20
1913,668,1080,583661.37,3.39,20
1914,2881,2925,1592248.69,4.22,20
1915,1617,894,1035779.4,2.82,30
1916,173,369,370051.6,6.18,20
1917,850,988,393005.47,6.29,20
1918,2608,2369,683829.14,4.41,20
1919,2448,1916,55650.61,4.12,20
1920,1715,1149,799904.74,4.19,20
1921,1626,1808,377627.86,6.36,30
1922,381,901,385224.48,4.54,20
1923,2393,2976,602343.93,6.14,15
1924,681,1236,920502.45,3.15,20
1925,2874,1048,829356.74,3.3,15
1926,2784,1163,1079590.62,3.65,30
1927,546,492,1161042.73,2.88,15
1928,1164,2344,940013.71,3.76,30
1929,176,217,875552.55,4.51,30
1930,2297,787,1122806.71,2.8,20
1931,1640,2381,501596.76,4.88,15
1932,2200,930,949072.4,3.91,30
1933,1874,2362,966369.3,2.65,20
1934,2208,888,1150351.24,2.86,30
1935,203,2040,916297.27,6.37,30
1936,1360,242,1513821.5,6.33,20
1937,1116,1526,988088.13,6.14,20
1938,154,516,392299.55,4.93,20
1939,718,2983,826929.64,5.77,30
1940,2776,2298,188470.65,3.79,15
1941,409,594,1132294.31,5.29,15
1942,1475,1380,283802.76,3.93,30
1943,1509,2337,1584073.21,6.15,15
1944,2489,2845,696159.01,4.23,20
1945,1322,888,989575.06,2.68,30
1946,354,448,954730.33,5.57,15
1947,532,2245,837157.57,3.5,30
1948,1455,824,1293277.08,4.09,20
1949,1096,2849,1226377.33,2.98,30
1950,640,290,1300062.12,3.85,20
1951,2235,495,152215.74,2.9,20
1952,1673,2266,991538.31,3.21,15
1953,485,2022,688193.4,2.56,15
1954,1536,856,105363.59,5.56,20
1955,1434,171,199246.08,3.95,30
1956,2393,2453,606459.26,4.35,15
1957,815,2721,838382.83,2.97,15
1958,2960,757,1175018.89,3.52,30
1959,1562,1555,1034369.85,3.01,30
1960,456,825,1499231.05,5.72,15
1961,321,1371,70342.82,3.6,20
1962,60,1573,622452.73,5.86,20
1963,1717,2982,586053.24,3.02,20
1964,2944,2266,902876.73,4.73,20
1965,1851,1525,519656.39,3.3,15
1966,115,1965,232338.53,2.94,15
1967,2807,774,1129251.37,3.34,30
1968,1002,1756,702068.87,3.6,20
1969,1435,455,653949.89,5.19,20
1970,2717,1433,543756.81,4.64,20
1971,1344,1069,211358.97,3.46,20
1972,2288,1539,718364.78,3.29,30
1973,1395,2135,971292.7,2.51,20
1974,19,1964,1244552.72,2.67,30
1975,2443,254,598189.76,3.01,20
1976,2797,2756,1436674.69,4.05,15
1977,1585,1746,719294.06,3.28,15
1978,2466,1657,564251.98,5.26,20
1979,1012,837,1396764.06,4.34,20
1980,2005,95,390773.25,2.82,15
1981,1177,807,1084860.85,3.93,30
1982,782,2532,754709.65,3.54,20
1983,698,2097,667019.76,5.59,30
1984,2094,494,676503.18,6.04,20
1985,2560,1565,637101.98,2.72,30
1986,2695,1904,915156.83,4.34,15
1987,1576,1150,471992.39,3.32,20
1988,2047,2141,624856.47,3.13,30
1989,636,1099,1534971.23,3.64,15
1990,950,1332,746557.0,4.12,30
1991,1280,882,1018997.49,3.49,15
1992,2730,2547,805075.87,4.07,15
1993,1730,805,1245710.19,3.09,30
1994,450,2456,150034.84,3.68,30
1995,2058,2816,1323036.92,3.61,20
1996,1475,1719,1177728.3,5.34,15
1997,787,2719,471510.14,5.04,30
1998,1686,2066,646434.79,4.04,30
1999,750,1945,1207514.78,4.89,20
2000,2115,467,1482596.87,3.21,30
2001,1689,1208,1176307.81,6.14,30
2002,533,1887,1264709.25,4.76,30
2003,1424,2476,848619.2,5.04,30
2004,2406,1079,356386.58,5.39,20
2005,1219,1271,533878.91,4.38,30
2006,396,489,756128.39,6.49,20
2007,178,477,1042025.49,4.29,30
2008,8,2280,713641.9,3.3,30
2009,2423,1545,871282.68,5.1,20
2010,2098,2237,1196564.2,5.15,20
2011,2817,1075,291251.26,3.18,20
2012,481,2618,1208189.65,5.88,20
2013,1480,1336,1240170.55,2.87,15
2014,2223,2490,138602.23,2.96,15
2015,2606,2762,1720010.88,6.11,30
2016,1263,1817,122318.48,6.33,30
2017,939,1604,939405.06,5.91,15
2018,1923,97,87889.2,2.67,15
2019,790,1857,194940.92,5.12,15
2020,1486,93,690628.42,4.54,15
2021,563,31,675985.55,3.38,20
2022,2107,491,1415243.47,6.39,30
2023,2579,2698,559207.47,6.45,30
2024,1356,340,873239.22,5.93,30
2025,1772,2597,682111.27,3.56,15
2026,1084,129,1283629.74,4.53,20
2027,712,955,974806.67,3.95,15
2028,2328,2731,1546303.03,5.71,20
2029,1467,642,262667.58,4.9,30
2030,1798,1977,1046115.72,3.23,30
2031,2398,2259,625954.93,4.74,20
2032,1288,1167,610690.18,5.87,20
2033,1206,2985,1148129.91,5.4,20
2034,729,2367,802534.88,4.9,30
2035,2822,2797,1414683.9,4.29,15
2036,2671,1500,239530.57,5.25,20
2037,118,2589,1347874.11,3.36,15
2038,210,15,205535.53,4.26,30
2039,1450,1459,1250860.74,4.41,20
2040,774,544,637075.98,4.0,15
2041,1610,1696,409635.82,6.0,30
2042,1734,2603,377287.87,4.39,30
2043,1542,841,883478.77,5.77,15
2044,970,2634,957989.8,4.16,15
2045,2116,1751,522247.08,2.72,20
2046,2566,2095,998689.66,2.97,20
2047,1367,2059,510026.4,6.35,20
2048,928,274,969884.89,4.71,20
2049,2238,1335,1127482.18,4.53,30
2050,1922,1599,1638242.68,4.28,20
2051,1117,1710,395542.38,3.48,20
2052,369,1,338389.04,5.96,30
2053,707,2164,696798.41,5.86,20
2054,364,1953,485648.91,4.85,30
2055,2837,2318,303261.38,3.85,15
2056,2474,1953,477110.03,3.57,30
2057,1057,207,402786.49,5.27,30
2058,295,2622,96445.32,3.78,20
2059,1713,436,202093.98,5.88,20
2060,2564,1370,746539.27,6.02,30
2061,124,564,1714488.39,4.74,30
2062,2979,756,168027.47,3.95,15
2063,470,939,1182813.37,6.08,30
2064,936,2436,375100.26,2.94,20
2065,2612,2542,523920.92,5.25,15
2066,1444,522,188095.99,5.52,15
2067,1077,1342,833250.41,2.72,30
2068,2314,1732,143129.34,5.69,20
2069,308,889,1114262.72,6.31,20
2070,1570,1916,48359.94,6.0,15
2071,1574,41,1206708.45,6.22,30
2072,246,2915,926354.38,2.61,15
2073,361,2214,768837.19,4.71,20
2074,91,2858,354643.71,5.14,30
2075,1149,167,1035240.96,2.58,15
2076,2115,2315,1619005.91,5.77,20
2077,923,415,866209.56,5.45,20
2078,1775,448,848291.67,5.18,15
2079,636,1190,1520059.08,2.82,15
2080,1068,324,290454.28,4.71,15
2081,567,1700,826908.73,4.77,20
2082,1516,2210,1045605.54,3.81,30
2083,715,1933,671829.57,3.32,30
2084,2663,2525,217098.91,4.5,20
2085,1671,111,514661.9,4.14,30
2086,1100,1332,741395.17,4.54,20
2087,1799,212,721560.34,5.91,15
2088,2538,1536,1213392.03,5.16,20
2089,1354,2316,183874.46,6.36,15
2090,2435,1036,382474.65,5.77,30
2091,2490,1045,406390.33,2.52,30
2092,2847,2266,916255.67,4.32,30
2093,1075,1026,750516.98,5.38,30
2094,691,958,344470.84,5.77,20
2095,470,1269,1525086.1,5.8,30
2096,130,2678,1048522.55,6.22,30
2097,1729,54,1205567.41,6.49,30
2098,1024,1821,68994.2,4.96,15
2099,130,2092,698016.89,6.1,30
2100,2916,2460,62718.51,5.28,15
2101,1937,2163,877029.32,2.94,20
2102,1881,14,882364.37,5.07,20
2103,2859,1037,1075340.79,5.93,15
2104,2760,550,1160412.81,4.38,15
2105,2845,264,405715.46,5.64,15
2106,355,32,348572.3,3.95,30
2107,2782,541,685004.8,6.09,30
2108,2621,544,508316.92,3.87,15
2109,1229,1777,984266.86,6.01,15
2110,1,29,364074.76,4.55,30
2111,2135,2674,632403.45,4.39,20
2112,1223,438,111590.7,4.33,20
2113,679,656,1157238.74,3.97,20
2114,2374,2970,420973.79,2.81,20
2115,2309,949,1308565.5,4.65,15
2116,2959,184,1255038.68,4.47,15
2117,1899,1705,898480.94,6.27,15
2118,2421,2766,1546072.22,5.39,15
2119,1834,1932,817432.03,2.85,15
2120,697,1307,524095.72,3.27,20
2121,2701,1305,721918.02,4.82,15
2122,1353,2228,255514.83,5.28,20
2123,2733,279,1245915.93,4.8,15
2124,2722,82,1176108.87,6.19,20
2125,1938,551,372958.47,4.33,30
2126,2138,2198,1429180.45,2.92,30
2127,592,395,174630.0,5.49,15
2128,1800,1548,1554104.81,5.55,15
2129,1328,2729,1513629.08,4.81,20
2130,1304,2193,126393.28,5.25,20
2131,185,1032,112190.72,3.39,20
2132,1919,1665,1144990.89,6.49,20
2133,2930,1023,376843.76,3.99,20
2134,2407,1608,1414864.1,6.1,20
2135,32,721,924233.1,4.38,20
2136,521,858,1070326.42,3.94,15
2137,639,475,1071289.96,5.87,20
2138,737,2470,1186120.27,6.09,30
2139,2584,2820,349708.67,3.42,15
2140,2145,2310,1050084.84,5.11,20
2141,697,1627,898029.45,5.45,20
2142,1191,1615,1571166.92,5.02,30
2143,2932,2707,130094.92,4.52,30
2144,1360,2075,608911.42,4.93,15
2145,597,289,335409.67,5.18,30
2146,940,773,546104.03,6.18,20
2147,519,389,715381.49,3.8,15
2148,1228,2831,831242.98,3.89,20
2149,1434,58,166103.79,4.16,20
2150,102,1267,890586.58,5.53,30
2151,1193,396,71069.68,3.36,20
2152,2969,2704,1468678.56,5.51,20
2153,391,1995,651732.22,2.75,15
2154,1805,2402,997646.23,6.41,20
2155,1089,513,1161996.05,5.49,15
2156,1744,2757,1143891.77,4.0,30
2157,2051,108,611183.74,4.64,20
2158,1716,2431,878948.45,5.51,30
2159,2291,2731,1520929.46,5.01,15
2160,2052,2077,760446.1,4.26,15
2161,1129,616,1006972.62,4.41,15
2162,74,2300,423187.9,4.28,20
2163,598,621,1268713.6,4.89,20
2164,1823,925,859203.98,3.76,30
2165,2853,1788,351160.34,2.86,20
2166,2927,147,1157159.04,3.99,30
2167,1322,1111,318965.18,5.35,30
2168,1593,1435,995098.78,6.09,30
2169,691,453,1179773.54,2.76,30
2170,1312,581,121487.08,4.43,30
2171,1717,1927,704183.54,4.84,30
2172,985,2862,1379090.1,5.7,15
2173,111,278,348759.99,3.52,30
2174,1291,1064,866453.81,3.49,15
2175,2728,1336,1212685.67,5.3,30
2176,1672,856,93299.68,6.03,15
2177,75,146,713620.3,6.37,15
2178,1573,589,945382.07,5.07,20
2179,2323,472,376170.65,3.48,30
2180,2636,2980,659991.48,5.2,15
2181,1408,2280,914024.12,2.82,30
2182,2047,2839,183563.72,6.17,15
2183,1150,1756,574003.78,2.61,15
2184,144,1781,741540.98,6.15,30
2185,267,2346,568712.0,4.53,15
2186,1540,376,1414516.6,3.31,15
2187,2351,2852,94258.32,3.8,20
2188,1577,463,1282121.78,2.57,15
2189,2267,294,720253.65,4.74,15
2190,931,1901,1006268.07,5.35,20
2191,2647,307,1158146.87,2.76,15
2192,2706,2704,1528663.74,4.05,15
2193,2153,2470,1331488.93,3.02,15
2194,1343,2925,1276797.77,3.12,30
2195,2561,2559,584957.14,5.72,30
2196,1863,848,841748.89,5.23,15
2197,963,2662,631800.45,6.22,30
2198,2415,1819,1113932.79,6.36,20
2199,1889,931,237077.16,6.38,20
2200,1785,2828,1265670.38,6.17,30
2201,422,89,697135.88,5.93,20
2202,565,129,1344791.26,6.37,20
2203,2495,1117,397405.21,3.27,20
2204,1074,2394,1016895.04,2.82,15
2205,96,2430,1399872.84,6.04,20
2206,2999,1309,1227000.2,5.36,15
2207,1534,1327,1150987.34,5.96,30
2208,1048,514,964639.38,3.86,15
2209,1062,374,238756.71,5.51,30
2210,831,606,973479.42,3.76,20
2211,445,964,1032381.5,3.26,30
2212,875,45,574510.17,2.9,30
2213,931,442,643744.5,5.18,30
2214,1000,2018,914095.93,3.33,20
2215,1923,2937,582196.48,2.72,15
2216,511,866,242076.63,3.98,30
2217,721,622,1219255.82,2.97,15
2218,2116,2400,93796.89,4.79,15
2219,2715,2994,842370.49,4.43,30
2220,874,897,378136.06,4.9,15
2221,772,2115,1368318.62,4.92,30
2222,2642,2488,937908.39,6.47,20
2223,87,663,585248.18,5.53,30
2224,628,2302,93486.35,5.13,30
2225,3000,2075,540099.74,4.68,20
2226,968,836,357797.09,6.19,30
2227,2128,1728,350495.36,4.67,20
2228,2071,2941,280384.27,3.95,30
2229,2150,1852,1118673.57,6.3,30
2230,1785,2050,649367.09,4.13,20
2231,2331,211,446013.34,3.63,20
2232,1120,650,1315958.3,5.12,30
2233,2170,2959,391276.2,5.39,20
2234,2107,1120,718142.63,5.4,30
2235,761,2812,341700.91,2.62,15
2236,2363,166,746234.95,6.13,20
2237,594,627,951149.83,5.06,30
2238,2388,2263,1109552.26,3.7,20
2239,2216,2362,895550.23,5.9,15
2240,1646,780,937929.65,4.93,15
2241,1376,2552,1196412.04,5.56,20
2242,1707,2774,1004778.47,6.29,20
2243,222,1010,1312454.1,4.66,20
2244,1395,1136,1023187.6,4.19,30
2245,772,2671,518448.99,6.13,15
2246,893,1068,417207.06,4.28,30
2247,2743,289,264861.17,4.4,30
2248,1548,1672,1645632.55,6.31,20
2249,1253,2704,1310638.73,3.99,30
2250,1099,2398,1142260.58,5.27,30
2251,1436,1928,466188.06,4.43,20
2252,477,393,731646.79,2.56,15
2253,684,2699,840258.59,5.06,30
2254,1712,48,1378715.24,3.9,20
2255,1442,712,378544.04,5.54,20
2256,94,2440,438998.76,3.65,20
2257,77,1112,953329.03,5.75,20
2258,2187,2695,868545.25,5.22,30
2259,272,2184,558885.18,3.64,20
2260,1296,1808,323529.74,6.31,20
2261,2669,875,1513678.7,4.89,30
2262,49,2603,269817.66,4.53,30
2263,1952,959,1049932.54,2.69,20
2264,1455,2523,1471273.95,5.55,20
2265,1919,1127,272561.75,5.74,20
2266,881,800,1246038.4,2.53,30
2267,2794,1870,440171.63,3.85,15
2268,452,2847,273001.18,5.79,15
2269,798,1192,1160755.86,6.5,30
2270,366,1925,170938.42,6.4,20
2271,2866,1183,1559057.77,4.19,15
2272,396,2053,937962.0,3.92,30
2273,1055,83,787000.64,4.06,15
2274,2780,200,1178909.21,5.48,20
2275,624,1562,94557.72,3.18,15
2276,189,1823,1461671.36,5.66,30
2277,2569,1379,1454135.67,4.56,30
2278,1153,1716,109631.69,2.63,20
2279,551,76,977828.11,2.85,30
2280,1719,1608,1707527.05,3.19,15
2281,1636,930,1049221.59,2.68,30
2282,2236,377,243062.88,4.25,30
2283,1802,2962,849183.37,4.7,15
2284,2061,2821,211336.67,4.35,30
2285,1458,423,234096.2,5.5,30
2286,1109,2154,1086225.22,4.65,15
2287,1913,1700,816802.34,3.58,30
2288,1078,1771,412651.73,4.29,15
2289,2180,2837,1641428.6,4.11,30
2290,807,1300,884083.55,4.39,15
2291,1912,1170,944675.84,2.94,30
2292,1832,758,708864.8,6.26,30
2293,1865,2440,480353.39,3.0,30
2294,2665,2458,342624.29,4.27,15
2295,1015,779,1165248.08,4.55,30
2296,594,2966,198883.21,3.92,15
2297,899,1798,989308.98,5.23,20
2298,1852,2720,724315.67,2.58,30
2299,422,1026,818747.14,3.84,30
2300,2185,1695,271826.43,4.08,15
2301,618,998,1155441.54,5.51,15
2302,1633,993,533136.35,4.52,20
2303,1314,1390,1122395.93,5.38,30
2304,1172,154,960171.74,3.63,15
2305,16,2807,797409.93,4.45,30
2306,2130,2122,743213.54,4.13,15
2307,283,2781,303179.31,5.37,30
2308,1600,2815,868710.96,3.32,30
2309,2320,768,454708.69,4.65,15
2310,1592,2615,720714.46,5.97,30
2311,2024,2383,499733.23,2.67,30
2312,1995,2786,111092.02,6.29,30
2313,750,68,1208321.15,6.12,30
2314,2096,961,269682.05,5.3,30
2315,289,54,895037.7,5.53,20
2316,534,1149,674396.62,5.47,15
2317,2497,1370,954471.88,3.1,30
2318,1551,1069,233643.58,4.43,20
2319,1317,1685,1218973.7,3.27,30
2320,730,593,1406477.36,6.16,20
2321,93,1497,66910.57,4.03,30
2322,2140,2133,1331937.35,3.65,30
2323,48,1534,152801.39,3.55,20
2324,742,31,468338.32,4.63,30
2325,612,920,1170051.72,6.48,30
2326,1855,386,438587.99,5.96,30
2327,1165,789,406736.59,5.14,15
2328,503,1008,1010384.9,4.35,15
2329,2704,1117,377606.25,4.64,20
2330,131,2342,893229.42,5.58,20
2331,2014,913,870558.37,6.06,15
2332,2570,1907,402530.65,6.26,15
2333,619,49,1161983.71,2.84,20
2334,2337,2784,1438204.16,6.22,20
2335,1574,23,1214363.31,3.24,20
2336,2032,2671,382970.64,3.18,30
2337,345,970,1221729.28,5.42,15
2338,1901,2190,1258261.5,2.57,20
2339,2202,1265,210167.84,5.25,20
2340,608,2345,490516.06,4.74,20
2341,1338,1501,945897.65,5.01,15
2342,718,31,470529.34,5.33,30
2343,547,2696,93798.25,6.03,20
2344,2792,2944,853062.04,3.38,30
2345,1571,414,694368.62,3.98,30
2346,1991,225,855544.68,4.82,20
2347,1044,8,765703.73,6.03,20
2348,404,1535,1611412.13,6.37,15
2349,2086,560,607311.73,3.65,15
2350,2748,2917,567473.58,5.48,30
2351,1527,253,1075779.69,3.01,15
2352,798,648,971105.74,5.51,15
2353,891,2331,1036507.28,5.23,30
2354,2213,1289,324319.12,5.85,15
2355,1160,765,1325399.59,3.77,15
2356,564,410,197932.78,5.63,30
2357,348,1608,1691676.42,2.71,15
2358,2457,2379,349248.11,5.23,15
2359,1,1347,586491.05,4.51,20
2360,2713,734,1008753.93,5.92,30
2361,2213,364,1386492.16,6.23,15
2362,2605,1326,1141795.27,5.35,30
2363,2653,1248,703179.14,2.99,30
2364,1919,2484,937566.58,5.98,20
2365,1666,990,910023.64,2.92,30
2366,421,443,162999.66,5.71,15
2367,2997,467,1479509.88,5.26,15
2368,321,2735,189880.99,6.27,15
2369,1236,2762,1712378.79,5.75,30
2370,562,113,1405038.36,5.16,20
2371,597,2653,840280.72,5.02,30
2372,2241,772,666363.86,5.32,15
2373,1776,1508,527129.79,5.26,30
2374,838,2499,857134.18,3.99,30
2375,2989,2880,524647.57,5.47,30
2376,1292,1552,320147.68,5.25,20
2377,2535,2936,1120847.52,5.55,20
2378,294,584,767635.92,5.73,30
2379,1273,1111,335039.59,2.89,15
2380,1427,2362,860591.53,3.78,15
2381,1017,2657,68005.66,3.74,30
2382,2390,1863,402671.61,4.33,15
2383,67,1623,576049.57,5.97,30
2384,1936,2258,1626174.64,5.81,30
2385,750,249,983101.04,6.31,15
2386,2846,578,244275.9,3.88,15
2387,1099,58,155795.88,5.5,20
2388,1599,2130,841337.36,3.78,15
2389,411,1308,1030185.21,5.49,15
2390,680,1403,1231883.23,3.55,15
2391,2552,74,1329477.02,3.66,30
2392,2498,2226,645476.61,4.26,15
2393,1160,1941,1749937.47,3.87,30
2394,1780,1234,1149207.77,4.34,15
2395,1982,597,411845.68,3.18,30
2396,2103,391,95886.13,3.48,20
2397,1472,923,73669.0,3.69,15
2398,86,2505,1273002.45,4.17,20
2399,2069,2089,595089.9,3.34,15
2400,2918,723,798609.62,6.27,30
2401,1397,2817,255973.41,5.07,20
2402,1060,1385,1267242.75,2.54,15
2403,1058,1047,747696.1,4.65,20
2404,1791,1461,1455302.75,5.76,15
2405,2392,1929,1375382.75,5.3,30
2406,1416,143,820249.34,6.0,30
2407,2739,2607,238181.18,5.97,30
2408,2867,2308,147911.67,5.68,30
2409,72,2429,766009.49,3.78,20
2410,2469,356,380576.23,4.61,15
2411,401,1855,830708.58,4.78,20
2412,2391,1204,517481.42,6.14,15
2413,2104,970,940172.8,5.04,20
2414,2733,2052,1178586.13,6.46,20
2415,637,1796,1449174.38,6.13,30
2416,1681,900,454621.42,3.61,20
2417,2649,1398,434953.13,6.36,20
2418,1809,2177,527266.41,4.02,20
2419,276,1779,142630.58,4.71,15
2420,2074,2746,204341.92,2.55,30
2421,1378,2949,435361.67,5.54,20
2422,419,673,365180.12,5.98,30
2423,2422,2982,797591.91,4.02,15
2424,432,343,1188732.73,6.07,20
2425,1511,1599,1331987.79,5.02,15
2426,2,199,1489730.69,3.68,30
2427,792,830,502652.7,5.91,15
2428,323,1428,349659.77,3.68,20
2429,2730,2579,1214271.18,6.43,20
2430,2942,1653,459546.83,5.9,20
2431,1598,2982,806925.4,6.49,20
2432,2536,597,429155.05,3.28,30
2433,2522,1570,1593913.23,3.97,20
2434,1873,1074,387577.18,5.13,15
2435,1735,1491,151739.01,4.07,20
2436,1897,1647,61526.24,4.09,15
2437,1569,1465,1230971.32,4.07,20
2438,475,346,70742.12,4.78,20
2439,1883,2338,1054114.2,3.4,15
2440,1150,2395,504027.12,6.22,15
2441,1275,1161,816765.73,4.9,15
2442,2062,1293,345649.11,4.16,30
2443,2158,845,1172093.56,4.89,20
2444,1819,1833,1248816.72,2.78,30
2445,884,915,460986.37,4.16,15
2446,475,218,834391.48,6.29,20
2447,1958,1570,1571535.53,2.68,15
2448,1159,1372,665911.61,3.81,30
2449,2831,409,1222873.64,5.46,30
2450,2718,1485,295442.83,4.94,30
2451,2571,2612,84447.99,5.21,15
2452,2095,1277,1196511.29,4.72,20
2453,1542,26,1348481.53,5.17,20
2454,1851,1603,629705.04,5.7,15
2455,835,1540,846332.44,3.31,15
2456,1160,534,456118.44,4.22,15
2457,589,2046,1121379.56,4.99,30
2458,581,358,770269.83,4.14,30
2459,1379,1783,542971.75,3.43,30
2460,229,1548,1585497.22,5.6,15
2461,2002,651,1294628.56,4.48,15
2462,2730,800,1308990.31,5.35,20
2463,308,1061,1090274.78,4.23,20
2464,2839,1924,327663.94,4.17,15
2465,641,647,1027009.85,6.29,30
2466,521,802,734030.22,6.16,30
2467,1046,1390,1040202.7,3.2,30
2468,1076,2436,476302.91,4.32,20
2469,2204,2941,318409.95,4.19,20
2470,2152,2607,185340.11,4.81,20
2471,2644,1960,264909.76,2.78,30
2472,1001,835,1246677.72,5.54,20
2473,52,906,1505394.96,5.49,20
2474,1613,1712,158699.3,2.54,15
2475,1018,2652,1403368.84,5.18,30
2476,1345,355,1426614.76,3.3,30
2477,1579,236,1335736.13,4.11,15
2478,1260,2531,634828.14,4.92,20
2479,2343,355,1132516.95,5.87,15
2480,2223,2410,1205585.37,3.93,20
2481,873,2275,233269.67,5.56,20
2482,226,1215,252459.09,2.89,20
2483,305,1623,542160.24,5.07,30
2484,401,825,1436402.16,4.09,20
2485,1164,2156,1208412.4,4.79,20
2486,362,2579,1442116.2,5.63,15
2487,1191,2110,358137.16,4.56,15
2488,1289,2673,276002.25,3.55,30
2489,2387,2142,668761.45,4.44,30
2490,2902,1037,1326505.44,5.9,15
2491,1230,2417,429427.09,4.34,15
2492,2206,2458,350508.04,3.07,30
2493,2820,942,1076471.45,3.63,20
2494,2811,1101,576159.94,6.17,30
2495,2530,96,1000828.54,5.44,15
2496,2671,255,723562.12,4.87,30
2497,1321,542,769791.39,5.57,30
2498,1445,2784,1382643.92,4.57,20
2499,1507,2622,106571.67,3.41,15
2500,193,1470,244844.08,4.57,15
2501,1685,801,817595.14,4.97,20
2502,937,366,1118301.58,3.47,15
2503,2294,1443,1139156.58,5.02,20
2504,2340,2599,503613.12,2.66,30
2505,2592,246,736251.24,3.82,15
2506,2890,993,568937.71,2.98,20
2507,629,2497,623322.69,5.41,20
2508,755,507,1339539.79,3.55,15
2509,981,1515,134405.9,2.85,15
2510,68,1322,1427988.8,4.97,15
2511,898,2622,112470.79,2.51,30
2512,766,2174,460059.28,5.57,30
2513,2719,2094,278973.68,3.07,20
2514,1516,1645,1159461.07,5.25,15
2515,489,2768,1223785.15,4.38,30
2516,2395,2875,522526.32,2.62,30
2517,2365,1580,1042235.5,4.8,20
2518,1254,1081,1101377.33,6.14,30
2519,926,1138,191071.5,5.12,20
2520,291,1665,1192587.52,2.95,20
2521,2664,2635,434973.47,3.33,20
2522,78,1671,602139.76,2.82,30
2523,2756,323,1121996.32,5.24,15
2524,285,737,61694.13,3.41,20
2525,2036,654,381341.55,3.63,15
2526,161,2223,742607.74,4.88,15
2527,810,1404,1040604.7,5.4,20
2528,525,180,1143731.08,4.53,30
2529,1407,2992,985981.14,2.54,15
2530,1196,2272,1294500.87,6.39,15
2531,2575,315,598889.38,4.6,30
2532,913,2396,167840.83,5.75,20
2533,1010,2594,929135.9,4.7,30
2534,1850,958,367183.26,5.71,30
2535,1083,1584,1226555.44,6.2,20
2536,1756,1636,1461770.31,4.96,15
2537,108,2000,444387.15,2.56,30
2538,1856,2024,630012.32,4.23,20
2539,952,2080,1255593.74,2.57,30
2540,685,1524,567714.13,2.62,20
2541,1381,1427,813552.44,4.73,20
2542,2596,2097,599224.58,4.42,20
2543,705,400,1067224.13,3.57,30
2544,184,1427,1002139.32,5.24,20
2545,2419,2657,67527.04,5.48,30
2546,2094,952,151981.9,2.98,20
2547,203,2195,1076204.19,5.36,20
2548,2928,902,782340.41,3.42,30
2549,2977,2417,488493.93,3.94,20
2550,1850,1736,196553.7,6.33,30
2551,1033,743,500720.59,4.86,15
2552,2467,1685,1245756.86,3.84,30
2553,2153,2575,652453.1,6.2,30
2554,808,2794,270917.72,5.63,30
2555,2644,34,1215345.86,3.97,20
2556,948,1032,127868.45,6.16,15
2557,2822,1587,1041520.98,2.66,20
2558,2671,2725,1233222.63,4.72,20
2559,2582,2807,860572.86,3.74,20
2560,538,2400,100337.67,4.56,20
2561,2378,441,327024.22,2.53,20
2562,1061,1337,1537693.74,2.89,30
2563,2348,830,454552.98,5.35,20
2564,2136,1969,1370843.12,4.58,30
2565,2988,1053,364820.6,2.76,20
2566,340,1574,977648.78,4.49,20
2567,425,2712,1386228.49,4.71,20
2568,1279,2748,1496860.59,2.62,20
2569,1685,795,400664.81,4.15,15
2570,1133,1733,1220129.53,6.2,15
2571,1394,2799,101938.84,4.47,30
2572,1698,1381,1536168.4,3.84,30
2573,1572,1717,1132854.48,6.11,20
2574,116,897,500543.96,5.96,15
2575,2615,2771,1299417.55,3.61,30
2576,1760,337,1351758.37,3.6,30
2577,2368,2078,1596030.4,3.69,20
2578,2824,2911,911710.51,5.21,15
2579,2450,2435,212948.29,3.31,15
2580,1970,1717,1393730.95,5.66,30
2581,2411,2586,660814.63,3.08,15
2582,1987,449,166928.84,4.87,15
2583,674,809,447862.0,4.93,15
2584,1133,1826,1471711.59,3.48,20
2585,752,528,1035289.29,5.3,20
2586,1293,2214,946233.07,5.37,15
2587,1745,549,580781.08,4.06,30
2588,2517,1828,1076336.53,4.51,15
2589,488,1100,455852.32,6.47,20
2590,1908,489,708975.44,2.97,20
2591,2521,813,1183779.14,4.88,20
2592,583,2666,942362.38,4.36,20
2593,456,383,139849.87,4.79,30
2594,675,2288,575894.77,5.36,30
2595,2803,1100,347750.24,3.02,30
2596,2923,187,1320525.42,6.05,15
2597,1364,2711,497729.04,5.43,30
2598,2321,1903,1004290.45,5.06,20
2599,2645,1251,551852.32,6.21,30
2600,1291,2248,985002.92,5.89,20
2601,2503,1485,265896.21,6.19,15
2602,2064,2030,443617.76,4.37,20
2603,1776,1849,400550.56,5.5,20
2604,1676,2296,563132.96,3.75,20
2605,2644,871,877014.09,5.8,30
2606,1257,357,1214968.73,6.48,15
2607,831,2001,1173343.73,5.71,20
2608,2699,1242,81356.14,4.58,30
2609,2604,1226,1188438.98,4.75,15
2610,598,98,1489437.68,3.06,20
2611,957,1461,1389280.22,2.94,15
2612,382,1293,410848.45,5.17,20
2613,1054,2887,412128.43,4.62,15
2614,2309,1775,163337.9,3.17,20
2615,608,2765,1549612.54,4.29,15
2616,493,2355,495600.82,3.13,20
2617,1748,1527,547739.97,6.47,30
2618,2721,517,591261.83,3.91,15
2619,1034,1190,1272263.92,4.16,15
2620,2497,640,472521.0,6.17,20
2621,1715,1435,1087926.18,6.17,30
2622,2611,1723,941069.48,2.72,15
2623,1804,197,526985.85,2.77,15
2624,2319,1535,1686087.4,6.02,20
2625,1448,957,506338.75,6.02,30
2626,529,1404,1423565.34,4.31,20
2627,2818,844,1190419.24,6.4,20
2628,2651,294,799322.54,5.25,30
2629,1436,2854,1374374.89,4.97,30
2630,257,2941,297720.38,5.87,30
2631,332,2054,287335.51,5.71,30
2632,363,1473,676304.95,5.65,30
2633,2583,1759,1253254.36,4.91,20
2634,2124,1095,543665.26,5.09,15
2635,2356,1492,1331074.67,3.88,20
2636,725,435,959497.78,2.7,15
2637,1059,1996,1203589.78,2.78,30
2638,1194,183,375878.96,3.81,20
2639,2114,1390,1069383.25,2.65,15
2640,794,1820,786624.06,6.06,20
2641,260,1240,422021.13,3.32,15
2642,222,581,140903.75,4.34,20
2643,711,890,1307325.52,6.36,15
2644,1828,2658,1372475.8,6.11,15
2645,2965,1127,277951.8,6.5,15
2646,1613,2808,982781.24,3.98,20
2647,2889,2875,738851.43,3.13,30
2648,528,1651,546960.69,3.15,15
2649,1589,549,508495.65,2.88,15
2650,1185,580,439608.83,3.51,30
2651,2046,1791,250146.77,3.09,30
2652,2051,1614,1647957.21,6.48,15
2653,333,2257,324740.42,2.98,20
2654,2817,2133,1197046.29,3.27,30
2655,283,786,1229452.43,6.2,15
2656,2759,1755,556106.65,6.13,30
2657,1155,1830,1422690.17,4.59,30
2658,2169,580,352012.27,5.24,15
2659,2490,2133,1175920.12,2.95,15
2660,874,2327,97232.14,4.47,15
2661,533,2268,132759.27,5.07,15
2662,2535,750,1462231.58,5.87,20
2663,1255,380,356016.51,6.03,20
2664,203,1526,1367223.27,3.64,20
2665,111,1375,1155840.32,4.45,20
2666,788,750,1241215.83,2.95,15
2667,1725,2538,957338.18,4.41,15
2668,2969,2626,951213.01,4.96,15
2669,1137,2763,326450.14,5.26,15
2670,1934,2257,395759.32,4.76,20
2671,1460,835,1330348.81,6.16,15
2672,1131,1284,523216.98,3.72,20
2673,2485,1155,660327.86,5.95,15
2674,1909,880,966074.07,3.16,20
2675,2819,2358,503708.83,3.3,15
2676,1048,1280,693664.81,6.3,30
2677,494,670,960776.9,4.01,30
2678,1289,300,772515.57,6.05,15
2679,1706,2448,1215694.6,6.0,15
2680,2375,395,175894.75,6.47,30
2681,2093,1531,61976.73,3.75,15
2682,551,2464,242596.96,2.57,30
2683,1453,967,840842.48,5.64,30
2684,1934,91,398937.22,5.15,15
2685,314,841,1057998.99,4.48,30
2686,2355,1606,792361.47,4.73,15
2687,1755,912,484629.83,4.02,15
2688,1077,1629,536039.32,3.82,30
2689,2581,2457,710038.94,2.95,15
2690,1207,2733,1335140.96,4.44,20
2691,106,1342,608217.73,5.46,30
2692,1344,424,765887.52,3.59,15
2693,1676,249,813023.69,3.82,30
2694,661,1890,142030.88,6.06,15
2695,73,2691,213435.12,2.73,30
2696,406,1989,1075032.6,6.39,30
2697,2576,1489,69063.8,3.1,15
2698,1890,1979,111695.46,3.55,30
2699,2520,2285,1139167.41,4.39,20
2700,1489,2691,199900.49,5.63,30
2701,482,1485,276923.11,3.66,30
2702,263,1725,285338.47,5.48,30
2703,2626,2415,490839.54,4.58,15
2704,1581,1892,1119210.12,2.66,20
2705,1033,431,215219.24,4.71,20
2706,2259,563,1107488.9,5.25,30
2707,2012,2992,917832.9,6.21,30
2708,2762,2220,891227.8,5.79,30
2709,2809,793,511295.22,4.26,30
2710,1422,1939,1382378.21,4.13,30
2711,386,1555,888447.54,4.72,15
2712,806,27,726216.14,5.89,15
2713,660,673,350786.44,3.67,15
2714,89,1721,1079092.2,4.45,30
2715,2054,985,460685.46,2.84,30
2716,1251,2923,378528.81,5.94,15
2717,2061,2874,766647.06,6.2,30
2718,1652,825,1396492.3,4.54,15
2719,724,1785,1123969.73,4.89,30
2720,630,2291,197166.04,2.8,15
2721,2574,661,674153.55,4.22,30
2722,2156,349,1101804.58,4.27,15
2723,2383,2644,620822.32,3.88,30
2724,808,1738,594498.35,4.16,15
2725,523,912,336530.87,5.26,15
2726,1341,567,948443.76,2.66,30
2727,364,2210,1023516.69,6.05,15
2728,68,1967,859546.95,4.61,30
2729,2693,251,367058.16,2.81,15
2730,682,358,669761.43,5.0,30
2731,2795,1702,875332.09,3.01,15
2732,247,318,99608.91,5.71,20
2733,1363,732,259934.58,2.69,20
2734,2884,210,1022848.15,6.17,15
2735,274,2490,142017.73,4.35,20
2736,2067,116,611424.73,3.99,15
2737,342,2842,373277.07,6.01,20
2738,96,2721,1074261.15,2.93,15
2739,2972,1408,959097.66,2.8,15
2740,2064,1867,139543.7,6.23,15
2741,2136,745,337768.16,5.71,15
2742,2319,226,320964.2,3.49,15
2743,1798,2526,107092.66,3.64,15
2744,2019,441,371825.77,2.63,20
2745,454,1242,60808.2,4.03,30
2746,2055,496,1181991.31,3.77,20
2747,264,173,1088402.48,4.72,20
2748,2210,2961,499168.07,6.22,15
2749,653,1916,56137.11,3.41,20
2750,758,1234,1286036.42,4.39,30
2751,230,1450,247705.58,3.42,15
2752,2999,2706,1361105.6,4.41,15
2753,2365,287,1132533.78,4.7,20
2754,2995,1728,352459.11,5.09,20
2755,144,2584,1750390.69,5.18,30
2756,1355,2073,993266.73,2.9,20
2757,1435,1845,962724.02,4.38,15
2758,1813,1849,408336.1,4.2,20
2759,540,1892,781398.1,5.9,30
2760,1598,424,966781.38,3.64,15
2761,1024,86,1369364.27,6.18,30
2762,1430,959,1015638.44,4.62,30
2763,269,1319,696285.42,6.33,30
2764,87,39,1421391.11,6.22,30
2765,2300,1574,1216622.49,6.18,20
2766,2478,3,547260.33,4.58,15
2767,1068,2926,1323693.28,3.76,30
2768,1798,1219,300726.63,2.9,20
2769,1253,971,1028898.73,3.55,20
2770,2467,689,749029.38,3.2,15
2771,2445,1409,421881.4,6.36,30
2772,441,2927,1590570.56,4.64,15
2773,773,1145,312339.2,5.99,30
2774,1247,326,768714.66,3.85,15
2775,2351,2529,63324.48,4.34,30
2776,1860,365,529221.0,4.63,30
2777,2651,1686,453203.16,5.74,15
2778,240,332,656444.53,2.97,30
2779,2563,2018,1068694.39,2.77,30
2780,1932,2697,817941.22,4.34,30
2781,2149,2626,1177888.23,3.16,15
2782,240,2353,557233.96,5.62,20
2783,577,1309,1327404.37,2.69,15
2784,2483,2627,91012.03,4.16,15
2785,2595,1357,1204378.26,6.49,20
2786,1673,2887,431704.17,4.08,20
2787,8,1706,921118.75,2.61,15
2788,1489,1515,124206.79,5.95,30
2789,2446,1865,463129.03,5.05,20
2790,105,1811,1053715.94,3.55,15
2791,2382,110,290143.18,3.57,15
2792,1681,2782,810692.95,2.92,20
2793,560,782,822850.35,4.78,20
2794,939,132,70975.82,2.56,15
2795,798,230,609522.85,4.86,20
2796,510,2159,330217.84,3.63,15
2797,1059,2164,674550.89,5.61,15
2798,699,837,1142946.68,5.62,30
2799,1204,2906,1322113.37,4.45,20
2800,1550,1468,844186.15,5.78,15
2801,1325,2899,472643.33,2.54,20
2802,2273,2110,285541.27,4.54,20
2803,2204,593,1354192.39,2.83,15
2804,592,2939,1367268.48,6.09,20
2805,587,1657,602812.16,3.19,20
2806,2701,2784,1570678.28,5.24,30
2807,1495,2918,348710.81,3.75,20
2808,426,2991,1218548.96,4.23,30
2809,1838,577,831074.03,5.73,20
2810,2439,1910,1043468.91,3.87,30
2811,1837,2939,1212905.97,4.83,30
2812,2853,607,1392790.79,5.14,15
2813,2592,1420,219206.5,2.53,30
2814,2285,322,1190513.65,4.55,15
2815,935,1352,71603.54,2.78,30
2816,241,2421,1594988.3,5.27,20
2817,1742,2946,1075151.85,6.44,20
2818,2078,2078,1164921.43,5.63,15
2819,1907,1548,1620725.68,4.18,30
2820,2878,1846,375298.17,6.31,20
2821,2822,227,1637885.48,3.88,20
2822,2350,802,849250.37,5.71,20
2823,2194,654,445554.81,6.07,20
2824,239,2241,332418.22,3.58,30
2825,1120,1257,931928.89,2.75,30
2826,2138,1372,878858.53,5.9,30
2827,2435,348,728246.9,4.33,15
2828,2001,1286,1014027.64,4.01,30
2829,1012,1284,473571.57,2.5,15
2830,2079,281,671003.39,5.54,15
2831,662,250,254497.87,6.35,15
2832,2268,2806,1261570.12,6.05,15
2833,1823,14,740582.92,3.03,20
2834,2437,2397,847281.55,4.94,30
2835,559,547,112575.3,6.18,20
2836,370,2502,911552.74,3.38,30
2837,2026,1943,376416.1,4.03,15
2838,909,418,1033663.06,5.0,20
2839,540,1070,981663.12,2.82,15
2840,1287,2018,899801.33,6.28,20
2841,1375,551,365094.59,4.32,30
2842,39,1649,878079.33,4.14,20
2843,1464,1710,454783.93,3.5,20
2844,753,2607,242628.17,6.24,15
2845,2641,255,541174.7,4.27,30
2846,1849,793,604067.37,3.95,20
2847,302,654,443577.39,5.31,20
2848,2492,2263,1486372.81,4.28,30
2849,1233,307,1235132.67,4.4,30
2850,2741,558,596422.34,3.49,15
2851,2849,2545,188945.16,4.83,20
2852,2153,991,1379649.99,5.98,15
2853,692,2055,803267.83,4.3,20
2854,2970,723,597996.9,2.57,15
2855,2635,315,498927.01,3.96,30
2856,2916,932,870845.27,4.15,30
2857,1178,2492,671639.33,3.06,30
2858,843,1747,369441.66,3.62,20
2859,769,694,321781.1,3.83,15
2860,2345,1353,1446080.05,3.96,30
2861,1783,2213,1313702.56,3.13,20
2862,2814,1647,54402.33,2.78,30
2863,713,2226,617995.53,4.5,20
2864,370,1578,1578531.6,4.86,20
2865,1113,1270,372367.15,6.28,15
2866,2387,1551,829977.07,5.83,20
2867,2020,165,818495.78,3.74,30
2868,2792,2696,130107.94,6.37,30
2869,2909,1111,370478.17,4.38,15
2870,677,204,396806.68,3.43,15
2871,1569,2276,1013310.45,2.67,30
2872,743,1106,299991.55,4.97,30
2873,1942,2616,1373980.74,5.27,20
2874,812,521,717961.32,4.77,30
2875,910,2366,146603.45,4.42,20
2876,2488,2350,343361.11,4.51,20
2877,480,2392,1345545.79,5.53,20
2878,2101,752,262163.67,5.8,30
2879,473,274,1098601.15,4.59,15
2880,2972,1105,871948.94,2.68,15
2881,1732,439,1329951.27,4.91,30
2882,1087,2009,370232.21,2.79,30
2883,1624,1005,1472312.3,2.52,30
2884,1800,689,646223.03,3.99,30
2885,524,561,247606.67,4.1,20
2886,189,1408,1062623.14,3.64,30
2887,1339,2519,942874.2,2.95,20
2888,699,1268,319958.76,6.43,15
2889,1861,1500,211426.88,3.67,30
2890,976,1334,598074.98,2.96,15
2891,620,1933,882431.5,2.6,30
2892,1478,982,511746.37,6.01,20
2893,2448,554,1128420.59,3.45,30
2894,690,2434,817588.6,3.12,15
2895,2058,2753,870394.68,6.1,30
2896,2267,2009,376754.86,5.11,15
2897,227,2031,832611.36,5.52,20
2898,674,2198,1395180.46,5.02,15
2899,685,917,872803.01,4.04,30
2900,2586,873,1361384.09,4.4,15
2901,2429,1144,1277065.34,3.08,20
2902,706,567,843505.7,4.2,20
2903,612,2055,1065268.96,5.07,15
2904,1249,967,723818.63,4.02,30
2905,2754,889,976330.55,3.1,20
2906,1353,1538,1069484.86,5.1,20
2907,2162,878,1054181.95,3.59,15
2908,1870,897,347070.69,5.75,30
2909,2849,343,1333669.44,4.56,15
2910,2943,2353,733856.39,6.25,20
2911,2997,2702,904656.08,2.94,15
2912,2456,1792,321394.26,3.92,30
2913,2017,1518,579983.01,4.55,30
2914,934,611,412601.96,4.98,30
2915,2008,1073,1290028.73,2.64,15
2916,2483,722,624588.34,4.13,20
2917,2186,1507,527425.36,3.6,20
2918,1408,1105,1005839.84,4.88,20
2919,1120,1254,140294.2,6.48,30
2920,1898,912,415253.42,4.21,15
2921,671,947,1042860.97,5.7,30
2922,874,831,610843.25,3.91,30
2923,1833,2613,319238.32,5.79,15
2924,2018,2218,1274173.53,3.43,30
2925,803,313,1010726.54,6.13,20
2926,1352,884,213242.02,5.94,20
2927,1034,1419,337780.71,5.28,30
2928,1550,1822,659188.37,5.86,15
2929,1452,1957,418409.22,5.97,15
2930,1482,2549,1540701.76,5.11,15
2931,943,928,353852.71,4.08,30
2932,2677,1524,496417.58,2.99,20
2933,2258,1250,105903.71,5.6,30
2934,2992,995,1459772.85,2.83,15
2935,1807,789,428863.2,3.06,30
2936,2602,2684,1070200.49,2.63,20
2937,936,2213,1748297.0,5.9,30
2938,1762,162,889828.44,4.09,20
2939,2579,2279,1490737.37,5.07,20
2940,944,4,790810.18,2.57,30
2941,1693,1163,1009168.02,4.66,15
2942,2437,2501,373293.61,4.31,20
2943,2297,404,264453.31,5.0,20
2944,2352,332,621131.92,2.57,30
2945,2153,1251,691391.72,3.33,15
2946,1311,59,425334.78,3.48,20
2947,1512,780,754078.98,5.38,30
2948,1188,2051,1029329.7,3.26,30
2949,2706,515,993790.72,6.2,15
2950,2973,54,1208955.8,5.85,15
2951,826,704,652314.28,5.26,20
2952,2495,290,1383935.85,5.15,20
2953,1558,1267,956609.17,5.56,15
2954,1389,382,637113.43,4.04,30
2955,2740,1033,875798.82,5.69,30
2956,604,786,1176410.9,5.61,30
2957,1935,2300,309616.93,4.84,15
2958,2159,61,1073995.26,4.32,15
2959,768,657,740749.72,5.47,30
2960,2065,2177,458439.78,6.24,15
2961,2307,332,655307.76,6.44,30
2962,1883,1005,1248030.31,6.04,15
2963,1496,872,1204823.05,4.62,30
2964,2460,908,514889.2,3.14,30
2965,34,1274,1276637.83,5.44,15
2966,2060,594,907669.56,4.18,20
2967,137,350,906256.39,6.38,20
2968,608,2289,823516.13,6.29,30
2969,2178,703,121790.91,5.88,30
2970,388,161,1250192.23,3.95,15
2971,24,1700,899725.56,5.91,30
2972,2008,2109,1134490.77,4.43,15
2973,1154,2762,1518029.38,5.3,30
2974,1793,2758,771653.75,4.33,30
2975,1661,1748,528556.14,3.46,15
2976,207,2472,393604.88,3.84,15
2977,2445,2979,1529234.14,6.12,30
2978,1141,572,476557.58,3.36,20
2979,977,674,1332015.85,3.53,20
2980,2844,732,236315.03,3.88,20
2981,1549,625,483697.82,5.78,20
2982,1526,162,775616.93,3.59,20
2983,1063,2108,1083172.52,4.48,30
2984,1174,2381,701438.01,3.36,20
2985,38,302,1299620.89,4.25,30
2986,1944,2915,912455.38,5.44,20
2987,820,1906,1277466.87,5.86,30
2988,1295,1971,528691.51,3.55,15
2989,1651,855,976947.5,4.28,15
2990,419,868,249793.4,4.96,30
2991,418,25,859976.93,3.79,20
2992,2275,2129,258019.49,6.46,15
2993,951,2776,796327.54,5.98,20
2994,2170,1759,1251657.58,3.59,15
2995,2690,538,1164956.41,3.67,15
2996,591,1712,123034.16,2.57,20
2997,2605,1126,1502272.01,3.06,15
2998,1488,1561,1220129.47,5.64,20
2999,1852,1726,1070149.89,5.56,15
3000,2590,2613,260874.93,6.43,20
